Source_id,Source_url,Brand,Location,Gold_type,Buy_price,Sell_price,Unit,crawl_time
"1","https://giavang.org/trong-nuoc/sjc/","SJC","TP. Hồ Chí Minh","Vàng SJC 1L, 10L, 1KG","148.300","150.300","x1000đ/lượng","2025-11-20T22:23:26.879788400"
"1","https://giavang.org/trong-nuoc/sjc/","SJC","TP. Hồ Chí Minh","Vàng SJC 5 chỉ","148.300","150.320","x1000đ/lượng","2025-11-20T22:23:26.879788400"
"1","https://giavang.org/trong-nuoc/sjc/","SJC","TP. Hồ Chí Minh","Vàng SJC 0.5 chỉ, 1 chỉ, 2 chỉ","148.300","150.330","x1000đ/lượng","2025-11-20T22:23:26.879788400"
"1","https://giavang.org/trong-nuoc/sjc/","SJC","TP. Hồ Chí Minh","Vàng nhẫn SJC 99,99% 1 chỉ, 2 chỉ, 5 chỉ","145.900","148.400","x1000đ/lượng","2025-11-20T22:23:26.879788400"
"1","https://giavang.org/trong-nuoc/sjc/","SJC","TP. Hồ Chí Minh","Vàng nhẫn SJC 99,99% 0.5 chỉ, 0.3 chỉ","145.900","148.500","x1000đ/lượng","2025-11-20T22:23:26.879788400"
"1","https://giavang.org/trong-nuoc/sjc/","SJC","TP. Hồ Chí Minh","Nữ trang 99,99%","144.400","147.400","x1000đ/lượng","2025-11-20T22:23:26.879788400"
"1","https://giavang.org/trong-nuoc/sjc/","SJC","TP. Hồ Chí Minh","Nữ trang 99%","141.441","145.941","x1000đ/lượng","2025-11-20T22:23:26.879788400"
"1","https://giavang.org/trong-nuoc/sjc/","SJC","TP. Hồ Chí Minh","Nữ trang 75%","103.211","110.711","x1000đ/lượng","2025-11-20T22:23:26.879788400"
"1","https://giavang.org/trong-nuoc/sjc/","SJC","TP. Hồ Chí Minh","Nữ trang 68%","92.892","100.392","x1000đ/lượng","2025-11-20T22:23:26.879788400"
"1","https://giavang.org/trong-nuoc/sjc/","SJC","TP. Hồ Chí Minh","Nữ trang 61%","82.573","90.073","x1000đ/lượng","2025-11-20T22:23:26.879788400"
"1","https://giavang.org/trong-nuoc/sjc/","SJC","TP. Hồ Chí Minh","Nữ trang 58,3%","78.593","86.093","x1000đ/lượng","2025-11-20T22:23:26.879788400"
"1","https://giavang.org/trong-nuoc/sjc/","SJC","TP. Hồ Chí Minh","Nữ trang 41,7%","54.122","61.622","x1000đ/lượng","2025-11-20T22:23:26.879788400"
"1","https://giavang.org/trong-nuoc/sjc/","SJC","TP. Hồ Chí Minh","Vàng SJC 1L, 10L, 1KG","148.300","150.300","x1000đ/lượng","2025-11-20T22:23:26.879788400"
"1","https://giavang.org/trong-nuoc/sjc/","SJC","TP. Hồ Chí Minh","Vàng SJC 1L, 10L, 1KG","148.300","150.300","x1000đ/lượng","2025-11-20T22:23:26.879788400"
"1","https://giavang.org/trong-nuoc/sjc/","SJC","TP. Hồ Chí Minh","Vàng SJC 1L, 10L, 1KG","148.300","150.300","x1000đ/lượng","2025-11-20T22:23:26.879788400"
"1","https://giavang.org/trong-nuoc/sjc/","SJC","TP. Hồ Chí Minh","Vàng SJC 1L, 10L, 1KG","148.300","150.300","x1000đ/lượng","2025-11-20T22:23:26.879788400"
"1","https://giavang.org/trong-nuoc/sjc/","SJC","TP. Hồ Chí Minh","Vàng SJC 1L, 10L, 1KG","148.300","150.300","x1000đ/lượng","2025-11-20T22:23:26.879788400"
"1","https://giavang.org/trong-nuoc/sjc/","SJC","TP. Hồ Chí Minh","Vàng SJC 1L, 10L, 1KG","148.300","150.300","x1000đ/lượng","2025-11-20T22:23:26.879788400"
"1","https://giavang.org/trong-nuoc/sjc/","SJC","TP. Hồ Chí Minh","Vàng SJC 1L, 10L, 1KG","148.300","150.300","x1000đ/lượng","2025-11-20T22:23:26.879788400"
"1","https://giavang.org/trong-nuoc/sjc/","SJC","TP. Hồ Chí Minh","Vàng SJC 1L, 10L, 1KG","148.300","150.300","x1000đ/lượng","2025-11-20T22:23:26.879788400"
"1","https://giavang.org/trong-nuoc/sjc/","SJC","TP. Hồ Chí Minh","Vàng SJC 1L, 10L, 1KG","148.300","150.300","x1000đ/lượng","2025-11-20T22:23:26.879788400"
"1","https://giavang.org/trong-nuoc/sjc/","SJC","TP. Hồ Chí Minh","Vàng SJC 1L, 10L, 1KG","148.300","150.300","x1000đ/lượng","2025-11-20T22:23:26.879788400"
"1","https://giavang.org/trong-nuoc/sjc/","SJC","TP. Hồ Chí Minh","Vàng SJC 1L, 10L, 1KG","148.300","150.300","x1000đ/lượng","2025-11-20T22:23:26.879788400"
"2","https://giavang.org/trong-nuoc/pnj/","PNJ","TP. Hồ Chí Minh","PNJ","146.200","149.200","x1000đ/lượng","2025-11-20T22:23:29.191295100"
"2","https://giavang.org/trong-nuoc/pnj/","PNJ","TP. Hồ Chí Minh","SJC","148.300","150.300","x1000đ/lượng","2025-11-20T22:23:29.191295100"
"2","https://giavang.org/trong-nuoc/pnj/","PNJ","TP. Hồ Chí Minh","PNJ","146.200","149.200","x1000đ/lượng","2025-11-20T22:23:29.191295100"
"2","https://giavang.org/trong-nuoc/pnj/","PNJ","TP. Hồ Chí Minh","SJC","148.300","150.300","x1000đ/lượng","2025-11-20T22:23:29.191295100"
"2","https://giavang.org/trong-nuoc/pnj/","PNJ","TP. Hồ Chí Minh","PNJ","146.200","149.200","x1000đ/lượng","2025-11-20T22:23:29.191295100"
"2","https://giavang.org/trong-nuoc/pnj/","PNJ","TP. Hồ Chí Minh","SJC","148.300","150.300","x1000đ/lượng","2025-11-20T22:23:29.191295100"
"2","https://giavang.org/trong-nuoc/pnj/","PNJ","TP. Hồ Chí Minh","PNJ","146.200","149.200","x1000đ/lượng","2025-11-20T22:23:29.191295100"
"2","https://giavang.org/trong-nuoc/pnj/","PNJ","TP. Hồ Chí Minh","SJC","148.300","150.300","x1000đ/lượng","2025-11-20T22:23:29.191295100"
"2","https://giavang.org/trong-nuoc/pnj/","PNJ","TP. Hồ Chí Minh","PNJ","146.200","149.200","x1000đ/lượng","2025-11-20T22:23:29.191295100"
"2","https://giavang.org/trong-nuoc/pnj/","PNJ","TP. Hồ Chí Minh","SJC","148.300","150.300","x1000đ/lượng","2025-11-20T22:23:29.191295100"
"2","https://giavang.org/trong-nuoc/pnj/","PNJ","TP. Hồ Chí Minh","PNJ","146.200","149.200","x1000đ/lượng","2025-11-20T22:23:29.191295100"
"2","https://giavang.org/trong-nuoc/pnj/","PNJ","TP. Hồ Chí Minh","SJC","148.300","150.300","x1000đ/lượng","2025-11-20T22:23:29.191295100"
"2","https://giavang.org/trong-nuoc/pnj/","PNJ","TP. Hồ Chí Minh","Nhẫn Trơn PNJ 999.9","146.200","149.200","x1000đ/lượng","2025-11-20T22:23:29.191295100"
"2","https://giavang.org/trong-nuoc/pnj/","PNJ","TP. Hồ Chí Minh","Vàng Kim Bảo 999.9","146.200","149.200","x1000đ/lượng","2025-11-20T22:23:29.191295100"
"2","https://giavang.org/trong-nuoc/pnj/","PNJ","TP. Hồ Chí Minh","Vàng Phúc Lộc Tài 999.9","146.200","149.200","x1000đ/lượng","2025-11-20T22:23:29.191295100"
"2","https://giavang.org/trong-nuoc/pnj/","PNJ","TP. Hồ Chí Minh","Vàng nữ trang 999.9","142.500","148.700","x1000đ/lượng","2025-11-20T22:23:29.191295100"
"2","https://giavang.org/trong-nuoc/pnj/","PNJ","TP. Hồ Chí Minh","Vàng nữ trang 999","142.350","148.550","x1000đ/lượng","2025-11-20T22:23:29.191295100"
"2","https://giavang.org/trong-nuoc/pnj/","PNJ","TP. Hồ Chí Minh","Vàng nữ trang 9920","141.310","147.510","x1000đ/lượng","2025-11-20T22:23:29.191295100"
"2","https://giavang.org/trong-nuoc/pnj/","PNJ","TP. Hồ Chí Minh","Vàng nữ trang 99","141.010","147.210","x1000đ/lượng","2025-11-20T22:23:29.191295100"
"2","https://giavang.org/trong-nuoc/pnj/","PNJ","TP. Hồ Chí Minh","Vàng 916 (22K)","130.010","136.210","x1000đ/lượng","2025-11-20T22:23:29.191295100"
"2","https://giavang.org/trong-nuoc/pnj/","PNJ","TP. Hồ Chí Minh","Vàng 750 (18K)","102.230","111.530","x1000đ/lượng","2025-11-20T22:23:29.191295100"
"2","https://giavang.org/trong-nuoc/pnj/","PNJ","TP. Hồ Chí Minh","Vàng 680 (16.3K)","91.820","101.120","x1000đ/lượng","2025-11-20T22:23:29.191295100"
"2","https://giavang.org/trong-nuoc/pnj/","PNJ","TP. Hồ Chí Minh","Vàng 650 (15.6K)","87.360","96.660","x1000đ/lượng","2025-11-20T22:23:29.191295100"
"2","https://giavang.org/trong-nuoc/pnj/","PNJ","TP. Hồ Chí Minh","Vàng 610 (14.6K)","81.410","90.710","x1000đ/lượng","2025-11-20T22:23:29.191295100"
"2","https://giavang.org/trong-nuoc/pnj/","PNJ","TP. Hồ Chí Minh","Vàng 585 (14K)","77.690","86.990","x1000đ/lượng","2025-11-20T22:23:29.191295100"
"2","https://giavang.org/trong-nuoc/pnj/","PNJ","TP. Hồ Chí Minh","Vàng 416 (10K)","52.560","61.860","x1000đ/lượng","2025-11-20T22:23:29.191295100"
"2","https://giavang.org/trong-nuoc/pnj/","PNJ","TP. Hồ Chí Minh","Vàng 375 (9K)","46.460","55.760","x1000đ/lượng","2025-11-20T22:23:29.191295100"
"2","https://giavang.org/trong-nuoc/pnj/","PNJ","TP. Hồ Chí Minh","Vàng 333 (8K)","40.220","49.520","x1000đ/lượng","2025-11-20T22:23:29.191295100"
"3","https://giavang.org/trong-nuoc/doji/","DOJI","TP. Hồ Chí Minh","SJC Lẻ","148.300","150.300","x1000đ/lượng","2025-11-20T22:23:30.978983400"
"3","https://giavang.org/trong-nuoc/doji/","DOJI","TP. Hồ Chí Minh","AVPL","148.300","150.300","x1000đ/lượng","2025-11-20T22:23:30.978983400"
"3","https://giavang.org/trong-nuoc/doji/","DOJI","TP. Hồ Chí Minh","Nhẫn tròn 999 Hưng Thịnh Vượng","146.200","149.200","x1000đ/lượng","2025-11-20T22:23:30.978983400"
"3","https://giavang.org/trong-nuoc/doji/","DOJI","TP. Hồ Chí Minh","Nữ trang 99.99","145.200","148.700","x1000đ/lượng","2025-11-20T22:23:30.978983400"
"3","https://giavang.org/trong-nuoc/doji/","DOJI","TP. Hồ Chí Minh","Nữ trang 99.9","145.000","148.500","x1000đ/lượng","2025-11-20T22:23:30.978983400"
"3","https://giavang.org/trong-nuoc/doji/","DOJI","TP. Hồ Chí Minh","Nữ trang 99","144.300","148.250","x1000đ/lượng","2025-11-20T22:23:30.978983400"
"3","https://giavang.org/trong-nuoc/doji/","DOJI","TP. Hồ Chí Minh","SJC Lẻ","148.300","150.300","x1000đ/lượng","2025-11-20T22:23:30.978983400"
"3","https://giavang.org/trong-nuoc/doji/","DOJI","TP. Hồ Chí Minh","AVPL","148.300","150.300","x1000đ/lượng","2025-11-20T22:23:30.978983400"
"3","https://giavang.org/trong-nuoc/doji/","DOJI","TP. Hồ Chí Minh","Nhẫn tròn 999 Hưng Thịnh Vượng","146.200","149.200","x1000đ/lượng","2025-11-20T22:23:30.978983400"
"3","https://giavang.org/trong-nuoc/doji/","DOJI","TP. Hồ Chí Minh","Nữ trang 99.99","145.200","148.700","x1000đ/lượng","2025-11-20T22:23:30.978983400"
"3","https://giavang.org/trong-nuoc/doji/","DOJI","TP. Hồ Chí Minh","Nữ trang 99.9","145.000","148.500","x1000đ/lượng","2025-11-20T22:23:30.978983400"
"3","https://giavang.org/trong-nuoc/doji/","DOJI","TP. Hồ Chí Minh","Nữ trang 99","144.300","148.250","x1000đ/lượng","2025-11-20T22:23:30.978983400"
"3","https://giavang.org/trong-nuoc/doji/","DOJI","TP. Hồ Chí Minh","SJC Lẻ","148.300","150.300","x1000đ/lượng","2025-11-20T22:23:30.978983400"
"3","https://giavang.org/trong-nuoc/doji/","DOJI","TP. Hồ Chí Minh","AVPL","148.300","150.300","x1000đ/lượng","2025-11-20T22:23:30.978983400"
"3","https://giavang.org/trong-nuoc/doji/","DOJI","TP. Hồ Chí Minh","Nhẫn tròn 999 Hưng Thịnh Vượng","146.200","149.200","x1000đ/lượng","2025-11-20T22:23:30.978983400"
"3","https://giavang.org/trong-nuoc/doji/","DOJI","TP. Hồ Chí Minh","Nữ trang 99.99","145.200","148.700","x1000đ/lượng","2025-11-20T22:23:30.978983400"
"3","https://giavang.org/trong-nuoc/doji/","DOJI","TP. Hồ Chí Minh","Nữ trang 99.9","145.000","148.500","x1000đ/lượng","2025-11-20T22:23:30.978983400"
"3","https://giavang.org/trong-nuoc/doji/","DOJI","TP. Hồ Chí Minh","Nữ trang 99","144.300","148.250","x1000đ/lượng","2025-11-20T22:23:30.978983400"
"6","https://giavang.org/trong-nuoc/sjc/","SJC","Miền Bắc","Vàng SJC 1L, 10L, 1KG","148.300","150.300","x1000đ/lượng","2025-11-20T22:23:37.605164500"
"6","https://giavang.org/trong-nuoc/sjc/","SJC","Miền Bắc","Vàng SJC 5 chỉ","148.300","150.320","x1000đ/lượng","2025-11-20T22:23:37.605164500"
"6","https://giavang.org/trong-nuoc/sjc/","SJC","Miền Bắc","Vàng SJC 0.5 chỉ, 1 chỉ, 2 chỉ","148.300","150.330","x1000đ/lượng","2025-11-20T22:23:37.605164500"
"6","https://giavang.org/trong-nuoc/sjc/","SJC","Miền Bắc","Vàng nhẫn SJC 99,99% 1 chỉ, 2 chỉ, 5 chỉ","145.900","148.400","x1000đ/lượng","2025-11-20T22:23:37.605164500"
"6","https://giavang.org/trong-nuoc/sjc/","SJC","Miền Bắc","Vàng nhẫn SJC 99,99% 0.5 chỉ, 0.3 chỉ","145.900","148.500","x1000đ/lượng","2025-11-20T22:23:37.605164500"
"6","https://giavang.org/trong-nuoc/sjc/","SJC","Miền Bắc","Nữ trang 99,99%","144.400","147.400","x1000đ/lượng","2025-11-20T22:23:37.605164500"
"6","https://giavang.org/trong-nuoc/sjc/","SJC","Miền Bắc","Nữ trang 99%","141.441","145.941","x1000đ/lượng","2025-11-20T22:23:37.605164500"
"6","https://giavang.org/trong-nuoc/sjc/","SJC","Miền Bắc","Nữ trang 75%","103.211","110.711","x1000đ/lượng","2025-11-20T22:23:37.605164500"
"6","https://giavang.org/trong-nuoc/sjc/","SJC","Miền Bắc","Nữ trang 68%","92.892","100.392","x1000đ/lượng","2025-11-20T22:23:37.605164500"
"6","https://giavang.org/trong-nuoc/sjc/","SJC","Miền Bắc","Nữ trang 61%","82.573","90.073","x1000đ/lượng","2025-11-20T22:23:37.605164500"
"6","https://giavang.org/trong-nuoc/sjc/","SJC","Miền Bắc","Nữ trang 58,3%","78.593","86.093","x1000đ/lượng","2025-11-20T22:23:37.605164500"
"6","https://giavang.org/trong-nuoc/sjc/","SJC","Miền Bắc","Nữ trang 41,7%","54.122","61.622","x1000đ/lượng","2025-11-20T22:23:37.605164500"
"6","https://giavang.org/trong-nuoc/sjc/","SJC","Miền Bắc","Vàng SJC 1L, 10L, 1KG","148.300","150.300","x1000đ/lượng","2025-11-20T22:23:37.605164500"
"6","https://giavang.org/trong-nuoc/sjc/","SJC","Miền Bắc","Vàng SJC 1L, 10L, 1KG","148.300","150.300","x1000đ/lượng","2025-11-20T22:23:37.605164500"
"6","https://giavang.org/trong-nuoc/sjc/","SJC","Miền Bắc","Vàng SJC 1L, 10L, 1KG","148.300","150.300","x1000đ/lượng","2025-11-20T22:23:37.605164500"
"6","https://giavang.org/trong-nuoc/sjc/","SJC","Miền Bắc","Vàng SJC 1L, 10L, 1KG","148.300","150.300","x1000đ/lượng","2025-11-20T22:23:37.605164500"
"6","https://giavang.org/trong-nuoc/sjc/","SJC","Miền Bắc","Vàng SJC 1L, 10L, 1KG","148.300","150.300","x1000đ/lượng","2025-11-20T22:23:37.605164500"
"6","https://giavang.org/trong-nuoc/sjc/","SJC","Miền Bắc","Vàng SJC 1L, 10L, 1KG","148.300","150.300","x1000đ/lượng","2025-11-20T22:23:37.605164500"
"6","https://giavang.org/trong-nuoc/sjc/","SJC","Miền Bắc","Vàng SJC 1L, 10L, 1KG","148.300","150.300","x1000đ/lượng","2025-11-20T22:23:37.605164500"
"6","https://giavang.org/trong-nuoc/sjc/","SJC","Miền Bắc","Vàng SJC 1L, 10L, 1KG","148.300","150.300","x1000đ/lượng","2025-11-20T22:23:37.605164500"
"6","https://giavang.org/trong-nuoc/sjc/","SJC","Miền Bắc","Vàng SJC 1L, 10L, 1KG","148.300","150.300","x1000đ/lượng","2025-11-20T22:23:37.605164500"
"6","https://giavang.org/trong-nuoc/sjc/","SJC","Miền Bắc","Vàng SJC 1L, 10L, 1KG","148.300","150.300","x1000đ/lượng","2025-11-20T22:23:37.605164500"
"6","https://giavang.org/trong-nuoc/sjc/","SJC","Miền Bắc","Vàng SJC 1L, 10L, 1KG","148.300","150.300","x1000đ/lượng","2025-11-20T22:23:37.605164500"
"7","https://giavang.org/trong-nuoc/sjc/","SJC","Hạ Long","Vàng SJC 1L, 10L, 1KG","148.300","150.300","x1000đ/lượng","2025-11-20T22:23:39.579003800"
"7","https://giavang.org/trong-nuoc/sjc/","SJC","Hạ Long","Vàng SJC 5 chỉ","148.300","150.320","x1000đ/lượng","2025-11-20T22:23:39.579003800"
"7","https://giavang.org/trong-nuoc/sjc/","SJC","Hạ Long","Vàng SJC 0.5 chỉ, 1 chỉ, 2 chỉ","148.300","150.330","x1000đ/lượng","2025-11-20T22:23:39.579003800"
"7","https://giavang.org/trong-nuoc/sjc/","SJC","Hạ Long","Vàng nhẫn SJC 99,99% 1 chỉ, 2 chỉ, 5 chỉ","145.900","148.400","x1000đ/lượng","2025-11-20T22:23:39.579003800"
"7","https://giavang.org/trong-nuoc/sjc/","SJC","Hạ Long","Vàng nhẫn SJC 99,99% 0.5 chỉ, 0.3 chỉ","145.900","148.500","x1000đ/lượng","2025-11-20T22:23:39.579003800"
"7","https://giavang.org/trong-nuoc/sjc/","SJC","Hạ Long","Nữ trang 99,99%","144.400","147.400","x1000đ/lượng","2025-11-20T22:23:39.579003800"
"7","https://giavang.org/trong-nuoc/sjc/","SJC","Hạ Long","Nữ trang 99%","141.441","145.941","x1000đ/lượng","2025-11-20T22:23:39.579003800"
"7","https://giavang.org/trong-nuoc/sjc/","SJC","Hạ Long","Nữ trang 75%","103.211","110.711","x1000đ/lượng","2025-11-20T22:23:39.579003800"
"7","https://giavang.org/trong-nuoc/sjc/","SJC","Hạ Long","Nữ trang 68%","92.892","100.392","x1000đ/lượng","2025-11-20T22:23:39.579003800"
"7","https://giavang.org/trong-nuoc/sjc/","SJC","Hạ Long","Nữ trang 61%","82.573","90.073","x1000đ/lượng","2025-11-20T22:23:39.579003800"
"7","https://giavang.org/trong-nuoc/sjc/","SJC","Hạ Long","Nữ trang 58,3%","78.593","86.093","x1000đ/lượng","2025-11-20T22:23:39.579003800"
"7","https://giavang.org/trong-nuoc/sjc/","SJC","Hạ Long","Nữ trang 41,7%","54.122","61.622","x1000đ/lượng","2025-11-20T22:23:39.579003800"
"7","https://giavang.org/trong-nuoc/sjc/","SJC","Hạ Long","Vàng SJC 1L, 10L, 1KG","148.300","150.300","x1000đ/lượng","2025-11-20T22:23:39.579003800"
"7","https://giavang.org/trong-nuoc/sjc/","SJC","Hạ Long","Vàng SJC 1L, 10L, 1KG","148.300","150.300","x1000đ/lượng","2025-11-20T22:23:39.579003800"
"7","https://giavang.org/trong-nuoc/sjc/","SJC","Hạ Long","Vàng SJC 1L, 10L, 1KG","148.300","150.300","x1000đ/lượng","2025-11-20T22:23:39.579003800"
"7","https://giavang.org/trong-nuoc/sjc/","SJC","Hạ Long","Vàng SJC 1L, 10L, 1KG","148.300","150.300","x1000đ/lượng","2025-11-20T22:23:39.579003800"
"7","https://giavang.org/trong-nuoc/sjc/","SJC","Hạ Long","Vàng SJC 1L, 10L, 1KG","148.300","150.300","x1000đ/lượng","2025-11-20T22:23:39.579003800"
"7","https://giavang.org/trong-nuoc/sjc/","SJC","Hạ Long","Vàng SJC 1L, 10L, 1KG","148.300","150.300","x1000đ/lượng","2025-11-20T22:23:39.579003800"
"7","https://giavang.org/trong-nuoc/sjc/","SJC","Hạ Long","Vàng SJC 1L, 10L, 1KG","148.300","150.300","x1000đ/lượng","2025-11-20T22:23:39.579003800"
"7","https://giavang.org/trong-nuoc/sjc/","SJC","Hạ Long","Vàng SJC 1L, 10L, 1KG","148.300","150.300","x1000đ/lượng","2025-11-20T22:23:39.579003800"
"7","https://giavang.org/trong-nuoc/sjc/","SJC","Hạ Long","Vàng SJC 1L, 10L, 1KG","148.300","150.300","x1000đ/lượng","2025-11-20T22:23:39.579003800"
"7","https://giavang.org/trong-nuoc/sjc/","SJC","Hạ Long","Vàng SJC 1L, 10L, 1KG","148.300","150.300","x1000đ/lượng","2025-11-20T22:23:39.579003800"
"7","https://giavang.org/trong-nuoc/sjc/","SJC","Hạ Long","Vàng SJC 1L, 10L, 1KG","148.300","150.300","x1000đ/lượng","2025-11-20T22:23:39.579003800"
"8","https://giavang.org/trong-nuoc/sjc/","SJC","Hải Phòng","Vàng SJC 1L, 10L, 1KG","148.300","150.300","x1000đ/lượng","2025-11-20T22:23:41.930083600"
"8","https://giavang.org/trong-nuoc/sjc/","SJC","Hải Phòng","Vàng SJC 5 chỉ","148.300","150.320","x1000đ/lượng","2025-11-20T22:23:41.930083600"
"8","https://giavang.org/trong-nuoc/sjc/","SJC","Hải Phòng","Vàng SJC 0.5 chỉ, 1 chỉ, 2 chỉ","148.300","150.330","x1000đ/lượng","2025-11-20T22:23:41.930083600"
"8","https://giavang.org/trong-nuoc/sjc/","SJC","Hải Phòng","Vàng nhẫn SJC 99,99% 1 chỉ, 2 chỉ, 5 chỉ","145.900","148.400","x1000đ/lượng","2025-11-20T22:23:41.930083600"
"8","https://giavang.org/trong-nuoc/sjc/","SJC","Hải Phòng","Vàng nhẫn SJC 99,99% 0.5 chỉ, 0.3 chỉ","145.900","148.500","x1000đ/lượng","2025-11-20T22:23:41.930083600"
"8","https://giavang.org/trong-nuoc/sjc/","SJC","Hải Phòng","Nữ trang 99,99%","144.400","147.400","x1000đ/lượng","2025-11-20T22:23:41.930083600"
"8","https://giavang.org/trong-nuoc/sjc/","SJC","Hải Phòng","Nữ trang 99%","141.441","145.941","x1000đ/lượng","2025-11-20T22:23:41.930083600"
"8","https://giavang.org/trong-nuoc/sjc/","SJC","Hải Phòng","Nữ trang 75%","103.211","110.711","x1000đ/lượng","2025-11-20T22:23:41.930083600"
"8","https://giavang.org/trong-nuoc/sjc/","SJC","Hải Phòng","Nữ trang 68%","92.892","100.392","x1000đ/lượng","2025-11-20T22:23:41.930083600"
"8","https://giavang.org/trong-nuoc/sjc/","SJC","Hải Phòng","Nữ trang 61%","82.573","90.073","x1000đ/lượng","2025-11-20T22:23:41.930083600"
"8","https://giavang.org/trong-nuoc/sjc/","SJC","Hải Phòng","Nữ trang 58,3%","78.593","86.093","x1000đ/lượng","2025-11-20T22:23:41.930083600"
"8","https://giavang.org/trong-nuoc/sjc/","SJC","Hải Phòng","Nữ trang 41,7%","54.122","61.622","x1000đ/lượng","2025-11-20T22:23:41.930083600"
"8","https://giavang.org/trong-nuoc/sjc/","SJC","Hải Phòng","Vàng SJC 1L, 10L, 1KG","148.300","150.300","x1000đ/lượng","2025-11-20T22:23:41.930083600"
"8","https://giavang.org/trong-nuoc/sjc/","SJC","Hải Phòng","Vàng SJC 1L, 10L, 1KG","148.300","150.300","x1000đ/lượng","2025-11-20T22:23:41.930083600"
"8","https://giavang.org/trong-nuoc/sjc/","SJC","Hải Phòng","Vàng SJC 1L, 10L, 1KG","148.300","150.300","x1000đ/lượng","2025-11-20T22:23:41.930083600"
"8","https://giavang.org/trong-nuoc/sjc/","SJC","Hải Phòng","Vàng SJC 1L, 10L, 1KG","148.300","150.300","x1000đ/lượng","2025-11-20T22:23:41.930083600"
"8","https://giavang.org/trong-nuoc/sjc/","SJC","Hải Phòng","Vàng SJC 1L, 10L, 1KG","148.300","150.300","x1000đ/lượng","2025-11-20T22:23:41.930083600"
"8","https://giavang.org/trong-nuoc/sjc/","SJC","Hải Phòng","Vàng SJC 1L, 10L, 1KG","148.300","150.300","x1000đ/lượng","2025-11-20T22:23:41.930083600"
"8","https://giavang.org/trong-nuoc/sjc/","SJC","Hải Phòng","Vàng SJC 1L, 10L, 1KG","148.300","150.300","x1000đ/lượng","2025-11-20T22:23:41.930083600"
"8","https://giavang.org/trong-nuoc/sjc/","SJC","Hải Phòng","Vàng SJC 1L, 10L, 1KG","148.300","150.300","x1000đ/lượng","2025-11-20T22:23:41.930083600"
"8","https://giavang.org/trong-nuoc/sjc/","SJC","Hải Phòng","Vàng SJC 1L, 10L, 1KG","148.300","150.300","x1000đ/lượng","2025-11-20T22:23:41.930083600"
"8","https://giavang.org/trong-nuoc/sjc/","SJC","Hải Phòng","Vàng SJC 1L, 10L, 1KG","148.300","150.300","x1000đ/lượng","2025-11-20T22:23:41.930083600"
"8","https://giavang.org/trong-nuoc/sjc/","SJC","Hải Phòng","Vàng SJC 1L, 10L, 1KG","148.300","150.300","x1000đ/lượng","2025-11-20T22:23:41.930083600"
"9","https://giavang.org/trong-nuoc/sjc/","SJC","Miền Trung","Vàng SJC 1L, 10L, 1KG","148.300","150.300","x1000đ/lượng","2025-11-20T22:23:43.645073900"
"9","https://giavang.org/trong-nuoc/sjc/","SJC","Miền Trung","Vàng SJC 5 chỉ","148.300","150.320","x1000đ/lượng","2025-11-20T22:23:43.645073900"
"9","https://giavang.org/trong-nuoc/sjc/","SJC","Miền Trung","Vàng SJC 0.5 chỉ, 1 chỉ, 2 chỉ","148.300","150.330","x1000đ/lượng","2025-11-20T22:23:43.645073900"
"9","https://giavang.org/trong-nuoc/sjc/","SJC","Miền Trung","Vàng nhẫn SJC 99,99% 1 chỉ, 2 chỉ, 5 chỉ","145.900","148.400","x1000đ/lượng","2025-11-20T22:23:43.645073900"
"9","https://giavang.org/trong-nuoc/sjc/","SJC","Miền Trung","Vàng nhẫn SJC 99,99% 0.5 chỉ, 0.3 chỉ","145.900","148.500","x1000đ/lượng","2025-11-20T22:23:43.645073900"
"9","https://giavang.org/trong-nuoc/sjc/","SJC","Miền Trung","Nữ trang 99,99%","144.400","147.400","x1000đ/lượng","2025-11-20T22:23:43.645073900"
"9","https://giavang.org/trong-nuoc/sjc/","SJC","Miền Trung","Nữ trang 99%","141.441","145.941","x1000đ/lượng","2025-11-20T22:23:43.645073900"
"9","https://giavang.org/trong-nuoc/sjc/","SJC","Miền Trung","Nữ trang 75%","103.211","110.711","x1000đ/lượng","2025-11-20T22:23:43.645073900"
"9","https://giavang.org/trong-nuoc/sjc/","SJC","Miền Trung","Nữ trang 68%","92.892","100.392","x1000đ/lượng","2025-11-20T22:23:43.645073900"
"9","https://giavang.org/trong-nuoc/sjc/","SJC","Miền Trung","Nữ trang 61%","82.573","90.073","x1000đ/lượng","2025-11-20T22:23:43.645073900"
"9","https://giavang.org/trong-nuoc/sjc/","SJC","Miền Trung","Nữ trang 58,3%","78.593","86.093","x1000đ/lượng","2025-11-20T22:23:43.645073900"
"9","https://giavang.org/trong-nuoc/sjc/","SJC","Miền Trung","Nữ trang 41,7%","54.122","61.622","x1000đ/lượng","2025-11-20T22:23:43.645073900"
"9","https://giavang.org/trong-nuoc/sjc/","SJC","Miền Trung","Vàng SJC 1L, 10L, 1KG","148.300","150.300","x1000đ/lượng","2025-11-20T22:23:43.645073900"
"9","https://giavang.org/trong-nuoc/sjc/","SJC","Miền Trung","Vàng SJC 1L, 10L, 1KG","148.300","150.300","x1000đ/lượng","2025-11-20T22:23:43.645073900"
"9","https://giavang.org/trong-nuoc/sjc/","SJC","Miền Trung","Vàng SJC 1L, 10L, 1KG","148.300","150.300","x1000đ/lượng","2025-11-20T22:23:43.645073900"
"9","https://giavang.org/trong-nuoc/sjc/","SJC","Miền Trung","Vàng SJC 1L, 10L, 1KG","148.300","150.300","x1000đ/lượng","2025-11-20T22:23:43.645073900"
"9","https://giavang.org/trong-nuoc/sjc/","SJC","Miền Trung","Vàng SJC 1L, 10L, 1KG","148.300","150.300","x1000đ/lượng","2025-11-20T22:23:43.645073900"
"9","https://giavang.org/trong-nuoc/sjc/","SJC","Miền Trung","Vàng SJC 1L, 10L, 1KG","148.300","150.300","x1000đ/lượng","2025-11-20T22:23:43.645073900"
"9","https://giavang.org/trong-nuoc/sjc/","SJC","Miền Trung","Vàng SJC 1L, 10L, 1KG","148.300","150.300","x1000đ/lượng","2025-11-20T22:23:43.645073900"
"9","https://giavang.org/trong-nuoc/sjc/","SJC","Miền Trung","Vàng SJC 1L, 10L, 1KG","148.300","150.300","x1000đ/lượng","2025-11-20T22:23:43.645073900"
"9","https://giavang.org/trong-nuoc/sjc/","SJC","Miền Trung","Vàng SJC 1L, 10L, 1KG","148.300","150.300","x1000đ/lượng","2025-11-20T22:23:43.645073900"
"9","https://giavang.org/trong-nuoc/sjc/","SJC","Miền Trung","Vàng SJC 1L, 10L, 1KG","148.300","150.300","x1000đ/lượng","2025-11-20T22:23:43.645073900"
"9","https://giavang.org/trong-nuoc/sjc/","SJC","Miền Trung","Vàng SJC 1L, 10L, 1KG","148.300","150.300","x1000đ/lượng","2025-11-20T22:23:43.645073900"
"10","https://giavang.org/trong-nuoc/sjc/","SJC","Huế","Vàng SJC 1L, 10L, 1KG","148.300","150.300","x1000đ/lượng","2025-11-20T22:23:45.752662100"
"10","https://giavang.org/trong-nuoc/sjc/","SJC","Huế","Vàng SJC 5 chỉ","148.300","150.320","x1000đ/lượng","2025-11-20T22:23:45.752662100"
"10","https://giavang.org/trong-nuoc/sjc/","SJC","Huế","Vàng SJC 0.5 chỉ, 1 chỉ, 2 chỉ","148.300","150.330","x1000đ/lượng","2025-11-20T22:23:45.752662100"
"10","https://giavang.org/trong-nuoc/sjc/","SJC","Huế","Vàng nhẫn SJC 99,99% 1 chỉ, 2 chỉ, 5 chỉ","145.900","148.400","x1000đ/lượng","2025-11-20T22:23:45.752662100"
"10","https://giavang.org/trong-nuoc/sjc/","SJC","Huế","Vàng nhẫn SJC 99,99% 0.5 chỉ, 0.3 chỉ","145.900","148.500","x1000đ/lượng","2025-11-20T22:23:45.752662100"
"10","https://giavang.org/trong-nuoc/sjc/","SJC","Huế","Nữ trang 99,99%","144.400","147.400","x1000đ/lượng","2025-11-20T22:23:45.752662100"
"10","https://giavang.org/trong-nuoc/sjc/","SJC","Huế","Nữ trang 99%","141.441","145.941","x1000đ/lượng","2025-11-20T22:23:45.752662100"
"10","https://giavang.org/trong-nuoc/sjc/","SJC","Huế","Nữ trang 75%","103.211","110.711","x1000đ/lượng","2025-11-20T22:23:45.752662100"
"10","https://giavang.org/trong-nuoc/sjc/","SJC","Huế","Nữ trang 68%","92.892","100.392","x1000đ/lượng","2025-11-20T22:23:45.752662100"
"10","https://giavang.org/trong-nuoc/sjc/","SJC","Huế","Nữ trang 61%","82.573","90.073","x1000đ/lượng","2025-11-20T22:23:45.752662100"
"10","https://giavang.org/trong-nuoc/sjc/","SJC","Huế","Nữ trang 58,3%","78.593","86.093","x1000đ/lượng","2025-11-20T22:23:45.752662100"
"10","https://giavang.org/trong-nuoc/sjc/","SJC","Huế","Nữ trang 41,7%","54.122","61.622","x1000đ/lượng","2025-11-20T22:23:45.752662100"
"10","https://giavang.org/trong-nuoc/sjc/","SJC","Huế","Vàng SJC 1L, 10L, 1KG","148.300","150.300","x1000đ/lượng","2025-11-20T22:23:45.752662100"
"10","https://giavang.org/trong-nuoc/sjc/","SJC","Huế","Vàng SJC 1L, 10L, 1KG","148.300","150.300","x1000đ/lượng","2025-11-20T22:23:45.752662100"
"10","https://giavang.org/trong-nuoc/sjc/","SJC","Huế","Vàng SJC 1L, 10L, 1KG","148.300","150.300","x1000đ/lượng","2025-11-20T22:23:45.752662100"
"10","https://giavang.org/trong-nuoc/sjc/","SJC","Huế","Vàng SJC 1L, 10L, 1KG","148.300","150.300","x1000đ/lượng","2025-11-20T22:23:45.752662100"
"10","https://giavang.org/trong-nuoc/sjc/","SJC","Huế","Vàng SJC 1L, 10L, 1KG","148.300","150.300","x1000đ/lượng","2025-11-20T22:23:45.752662100"
"10","https://giavang.org/trong-nuoc/sjc/","SJC","Huế","Vàng SJC 1L, 10L, 1KG","148.300","150.300","x1000đ/lượng","2025-11-20T22:23:45.752662100"
"10","https://giavang.org/trong-nuoc/sjc/","SJC","Huế","Vàng SJC 1L, 10L, 1KG","148.300","150.300","x1000đ/lượng","2025-11-20T22:23:45.752662100"
"10","https://giavang.org/trong-nuoc/sjc/","SJC","Huế","Vàng SJC 1L, 10L, 1KG","148.300","150.300","x1000đ/lượng","2025-11-20T22:23:45.752662100"
"10","https://giavang.org/trong-nuoc/sjc/","SJC","Huế","Vàng SJC 1L, 10L, 1KG","148.300","150.300","x1000đ/lượng","2025-11-20T22:23:45.752662100"
"10","https://giavang.org/trong-nuoc/sjc/","SJC","Huế","Vàng SJC 1L, 10L, 1KG","148.300","150.300","x1000đ/lượng","2025-11-20T22:23:45.752662100"
"10","https://giavang.org/trong-nuoc/sjc/","SJC","Huế","Vàng SJC 1L, 10L, 1KG","148.300","150.300","x1000đ/lượng","2025-11-20T22:23:45.752662100"
"11","https://giavang.org/trong-nuoc/sjc/","SJC","Quảng Ngãi","Vàng SJC 1L, 10L, 1KG","148.300","150.300","x1000đ/lượng","2025-11-20T22:23:47.732186600"
"11","https://giavang.org/trong-nuoc/sjc/","SJC","Quảng Ngãi","Vàng SJC 5 chỉ","148.300","150.320","x1000đ/lượng","2025-11-20T22:23:47.732186600"
"11","https://giavang.org/trong-nuoc/sjc/","SJC","Quảng Ngãi","Vàng SJC 0.5 chỉ, 1 chỉ, 2 chỉ","148.300","150.330","x1000đ/lượng","2025-11-20T22:23:47.732186600"
"11","https://giavang.org/trong-nuoc/sjc/","SJC","Quảng Ngãi","Vàng nhẫn SJC 99,99% 1 chỉ, 2 chỉ, 5 chỉ","145.900","148.400","x1000đ/lượng","2025-11-20T22:23:47.732186600"
"11","https://giavang.org/trong-nuoc/sjc/","SJC","Quảng Ngãi","Vàng nhẫn SJC 99,99% 0.5 chỉ, 0.3 chỉ","145.900","148.500","x1000đ/lượng","2025-11-20T22:23:47.732186600"
"11","https://giavang.org/trong-nuoc/sjc/","SJC","Quảng Ngãi","Nữ trang 99,99%","144.400","147.400","x1000đ/lượng","2025-11-20T22:23:47.732186600"
"11","https://giavang.org/trong-nuoc/sjc/","SJC","Quảng Ngãi","Nữ trang 99%","141.441","145.941","x1000đ/lượng","2025-11-20T22:23:47.732186600"
"11","https://giavang.org/trong-nuoc/sjc/","SJC","Quảng Ngãi","Nữ trang 75%","103.211","110.711","x1000đ/lượng","2025-11-20T22:23:47.732186600"
"11","https://giavang.org/trong-nuoc/sjc/","SJC","Quảng Ngãi","Nữ trang 68%","92.892","100.392","x1000đ/lượng","2025-11-20T22:23:47.732186600"
"11","https://giavang.org/trong-nuoc/sjc/","SJC","Quảng Ngãi","Nữ trang 61%","82.573","90.073","x1000đ/lượng","2025-11-20T22:23:47.732186600"
"11","https://giavang.org/trong-nuoc/sjc/","SJC","Quảng Ngãi","Nữ trang 58,3%","78.593","86.093","x1000đ/lượng","2025-11-20T22:23:47.732186600"
"11","https://giavang.org/trong-nuoc/sjc/","SJC","Quảng Ngãi","Nữ trang 41,7%","54.122","61.622","x1000đ/lượng","2025-11-20T22:23:47.732186600"
"11","https://giavang.org/trong-nuoc/sjc/","SJC","Quảng Ngãi","Vàng SJC 1L, 10L, 1KG","148.300","150.300","x1000đ/lượng","2025-11-20T22:23:47.732186600"
"11","https://giavang.org/trong-nuoc/sjc/","SJC","Quảng Ngãi","Vàng SJC 1L, 10L, 1KG","148.300","150.300","x1000đ/lượng","2025-11-20T22:23:47.732186600"
"11","https://giavang.org/trong-nuoc/sjc/","SJC","Quảng Ngãi","Vàng SJC 1L, 10L, 1KG","148.300","150.300","x1000đ/lượng","2025-11-20T22:23:47.732186600"
"11","https://giavang.org/trong-nuoc/sjc/","SJC","Quảng Ngãi","Vàng SJC 1L, 10L, 1KG","148.300","150.300","x1000đ/lượng","2025-11-20T22:23:47.732186600"
"11","https://giavang.org/trong-nuoc/sjc/","SJC","Quảng Ngãi","Vàng SJC 1L, 10L, 1KG","148.300","150.300","x1000đ/lượng","2025-11-20T22:23:47.732186600"
"11","https://giavang.org/trong-nuoc/sjc/","SJC","Quảng Ngãi","Vàng SJC 1L, 10L, 1KG","148.300","150.300","x1000đ/lượng","2025-11-20T22:23:47.732186600"
"11","https://giavang.org/trong-nuoc/sjc/","SJC","Quảng Ngãi","Vàng SJC 1L, 10L, 1KG","148.300","150.300","x1000đ/lượng","2025-11-20T22:23:47.732186600"
"11","https://giavang.org/trong-nuoc/sjc/","SJC","Quảng Ngãi","Vàng SJC 1L, 10L, 1KG","148.300","150.300","x1000đ/lượng","2025-11-20T22:23:47.732186600"
"11","https://giavang.org/trong-nuoc/sjc/","SJC","Quảng Ngãi","Vàng SJC 1L, 10L, 1KG","148.300","150.300","x1000đ/lượng","2025-11-20T22:23:47.732186600"
"11","https://giavang.org/trong-nuoc/sjc/","SJC","Quảng Ngãi","Vàng SJC 1L, 10L, 1KG","148.300","150.300","x1000đ/lượng","2025-11-20T22:23:47.732186600"
"11","https://giavang.org/trong-nuoc/sjc/","SJC","Quảng Ngãi","Vàng SJC 1L, 10L, 1KG","148.300","150.300","x1000đ/lượng","2025-11-20T22:23:47.732186600"
"12","https://giavang.org/trong-nuoc/sjc/","SJC","Nha Trang","Vàng SJC 1L, 10L, 1KG","148.300","150.300","x1000đ/lượng","2025-11-20T22:23:49.481750700"
"12","https://giavang.org/trong-nuoc/sjc/","SJC","Nha Trang","Vàng SJC 5 chỉ","148.300","150.320","x1000đ/lượng","2025-11-20T22:23:49.481750700"
"12","https://giavang.org/trong-nuoc/sjc/","SJC","Nha Trang","Vàng SJC 0.5 chỉ, 1 chỉ, 2 chỉ","148.300","150.330","x1000đ/lượng","2025-11-20T22:23:49.481750700"
"12","https://giavang.org/trong-nuoc/sjc/","SJC","Nha Trang","Vàng nhẫn SJC 99,99% 1 chỉ, 2 chỉ, 5 chỉ","145.900","148.400","x1000đ/lượng","2025-11-20T22:23:49.481750700"
"12","https://giavang.org/trong-nuoc/sjc/","SJC","Nha Trang","Vàng nhẫn SJC 99,99% 0.5 chỉ, 0.3 chỉ","145.900","148.500","x1000đ/lượng","2025-11-20T22:23:49.481750700"
"12","https://giavang.org/trong-nuoc/sjc/","SJC","Nha Trang","Nữ trang 99,99%","144.400","147.400","x1000đ/lượng","2025-11-20T22:23:49.481750700"
"12","https://giavang.org/trong-nuoc/sjc/","SJC","Nha Trang","Nữ trang 99%","141.441","145.941","x1000đ/lượng","2025-11-20T22:23:49.481750700"
"12","https://giavang.org/trong-nuoc/sjc/","SJC","Nha Trang","Nữ trang 75%","103.211","110.711","x1000đ/lượng","2025-11-20T22:23:49.481750700"
"12","https://giavang.org/trong-nuoc/sjc/","SJC","Nha Trang","Nữ trang 68%","92.892","100.392","x1000đ/lượng","2025-11-20T22:23:49.481750700"
"12","https://giavang.org/trong-nuoc/sjc/","SJC","Nha Trang","Nữ trang 61%","82.573","90.073","x1000đ/lượng","2025-11-20T22:23:49.481750700"
"12","https://giavang.org/trong-nuoc/sjc/","SJC","Nha Trang","Nữ trang 58,3%","78.593","86.093","x1000đ/lượng","2025-11-20T22:23:49.481750700"
"12","https://giavang.org/trong-nuoc/sjc/","SJC","Nha Trang","Nữ trang 41,7%","54.122","61.622","x1000đ/lượng","2025-11-20T22:23:49.481750700"
"12","https://giavang.org/trong-nuoc/sjc/","SJC","Nha Trang","Vàng SJC 1L, 10L, 1KG","148.300","150.300","x1000đ/lượng","2025-11-20T22:23:49.481750700"
"12","https://giavang.org/trong-nuoc/sjc/","SJC","Nha Trang","Vàng SJC 1L, 10L, 1KG","148.300","150.300","x1000đ/lượng","2025-11-20T22:23:49.481750700"
"12","https://giavang.org/trong-nuoc/sjc/","SJC","Nha Trang","Vàng SJC 1L, 10L, 1KG","148.300","150.300","x1000đ/lượng","2025-11-20T22:23:49.481750700"
"12","https://giavang.org/trong-nuoc/sjc/","SJC","Nha Trang","Vàng SJC 1L, 10L, 1KG","148.300","150.300","x1000đ/lượng","2025-11-20T22:23:49.481750700"
"12","https://giavang.org/trong-nuoc/sjc/","SJC","Nha Trang","Vàng SJC 1L, 10L, 1KG","148.300","150.300","x1000đ/lượng","2025-11-20T22:23:49.481750700"
"12","https://giavang.org/trong-nuoc/sjc/","SJC","Nha Trang","Vàng SJC 1L, 10L, 1KG","148.300","150.300","x1000đ/lượng","2025-11-20T22:23:49.481750700"
"12","https://giavang.org/trong-nuoc/sjc/","SJC","Nha Trang","Vàng SJC 1L, 10L, 1KG","148.300","150.300","x1000đ/lượng","2025-11-20T22:23:49.481750700"
"12","https://giavang.org/trong-nuoc/sjc/","SJC","Nha Trang","Vàng SJC 1L, 10L, 1KG","148.300","150.300","x1000đ/lượng","2025-11-20T22:23:49.481750700"
"12","https://giavang.org/trong-nuoc/sjc/","SJC","Nha Trang","Vàng SJC 1L, 10L, 1KG","148.300","150.300","x1000đ/lượng","2025-11-20T22:23:49.481750700"
"12","https://giavang.org/trong-nuoc/sjc/","SJC","Nha Trang","Vàng SJC 1L, 10L, 1KG","148.300","150.300","x1000đ/lượng","2025-11-20T22:23:49.481750700"
"12","https://giavang.org/trong-nuoc/sjc/","SJC","Nha Trang","Vàng SJC 1L, 10L, 1KG","148.300","150.300","x1000đ/lượng","2025-11-20T22:23:49.481750700"
"13","https://giavang.org/trong-nuoc/sjc/","SJC","Biên Hòa","Vàng SJC 1L, 10L, 1KG","148.300","150.300","x1000đ/lượng","2025-11-20T22:23:51.405735800"
"13","https://giavang.org/trong-nuoc/sjc/","SJC","Biên Hòa","Vàng SJC 5 chỉ","148.300","150.320","x1000đ/lượng","2025-11-20T22:23:51.405735800"
"13","https://giavang.org/trong-nuoc/sjc/","SJC","Biên Hòa","Vàng SJC 0.5 chỉ, 1 chỉ, 2 chỉ","148.300","150.330","x1000đ/lượng","2025-11-20T22:23:51.405735800"
"13","https://giavang.org/trong-nuoc/sjc/","SJC","Biên Hòa","Vàng nhẫn SJC 99,99% 1 chỉ, 2 chỉ, 5 chỉ","145.900","148.400","x1000đ/lượng","2025-11-20T22:23:51.405735800"
"13","https://giavang.org/trong-nuoc/sjc/","SJC","Biên Hòa","Vàng nhẫn SJC 99,99% 0.5 chỉ, 0.3 chỉ","145.900","148.500","x1000đ/lượng","2025-11-20T22:23:51.405735800"
"13","https://giavang.org/trong-nuoc/sjc/","SJC","Biên Hòa","Nữ trang 99,99%","144.400","147.400","x1000đ/lượng","2025-11-20T22:23:51.405735800"
"13","https://giavang.org/trong-nuoc/sjc/","SJC","Biên Hòa","Nữ trang 99%","141.441","145.941","x1000đ/lượng","2025-11-20T22:23:51.405735800"
"13","https://giavang.org/trong-nuoc/sjc/","SJC","Biên Hòa","Nữ trang 75%","103.211","110.711","x1000đ/lượng","2025-11-20T22:23:51.405735800"
"13","https://giavang.org/trong-nuoc/sjc/","SJC","Biên Hòa","Nữ trang 68%","92.892","100.392","x1000đ/lượng","2025-11-20T22:23:51.405735800"
"13","https://giavang.org/trong-nuoc/sjc/","SJC","Biên Hòa","Nữ trang 61%","82.573","90.073","x1000đ/lượng","2025-11-20T22:23:51.405735800"
"13","https://giavang.org/trong-nuoc/sjc/","SJC","Biên Hòa","Nữ trang 58,3%","78.593","86.093","x1000đ/lượng","2025-11-20T22:23:51.405735800"
"13","https://giavang.org/trong-nuoc/sjc/","SJC","Biên Hòa","Nữ trang 41,7%","54.122","61.622","x1000đ/lượng","2025-11-20T22:23:51.405735800"
"13","https://giavang.org/trong-nuoc/sjc/","SJC","Biên Hòa","Vàng SJC 1L, 10L, 1KG","148.300","150.300","x1000đ/lượng","2025-11-20T22:23:51.405735800"
"13","https://giavang.org/trong-nuoc/sjc/","SJC","Biên Hòa","Vàng SJC 1L, 10L, 1KG","148.300","150.300","x1000đ/lượng","2025-11-20T22:23:51.405735800"
"13","https://giavang.org/trong-nuoc/sjc/","SJC","Biên Hòa","Vàng SJC 1L, 10L, 1KG","148.300","150.300","x1000đ/lượng","2025-11-20T22:23:51.405735800"
"13","https://giavang.org/trong-nuoc/sjc/","SJC","Biên Hòa","Vàng SJC 1L, 10L, 1KG","148.300","150.300","x1000đ/lượng","2025-11-20T22:23:51.405735800"
"13","https://giavang.org/trong-nuoc/sjc/","SJC","Biên Hòa","Vàng SJC 1L, 10L, 1KG","148.300","150.300","x1000đ/lượng","2025-11-20T22:23:51.405735800"
"13","https://giavang.org/trong-nuoc/sjc/","SJC","Biên Hòa","Vàng SJC 1L, 10L, 1KG","148.300","150.300","x1000đ/lượng","2025-11-20T22:23:51.405735800"
"13","https://giavang.org/trong-nuoc/sjc/","SJC","Biên Hòa","Vàng SJC 1L, 10L, 1KG","148.300","150.300","x1000đ/lượng","2025-11-20T22:23:51.405735800"
"13","https://giavang.org/trong-nuoc/sjc/","SJC","Biên Hòa","Vàng SJC 1L, 10L, 1KG","148.300","150.300","x1000đ/lượng","2025-11-20T22:23:51.405735800"
"13","https://giavang.org/trong-nuoc/sjc/","SJC","Biên Hòa","Vàng SJC 1L, 10L, 1KG","148.300","150.300","x1000đ/lượng","2025-11-20T22:23:51.405735800"
"13","https://giavang.org/trong-nuoc/sjc/","SJC","Biên Hòa","Vàng SJC 1L, 10L, 1KG","148.300","150.300","x1000đ/lượng","2025-11-20T22:23:51.405735800"
"13","https://giavang.org/trong-nuoc/sjc/","SJC","Biên Hòa","Vàng SJC 1L, 10L, 1KG","148.300","150.300","x1000đ/lượng","2025-11-20T22:23:51.405735800"
"14","https://giavang.org/trong-nuoc/sjc/","SJC","Miền Tây","Vàng SJC 1L, 10L, 1KG","148.300","150.300","x1000đ/lượng","2025-11-20T22:23:53.122052600"
"14","https://giavang.org/trong-nuoc/sjc/","SJC","Miền Tây","Vàng SJC 5 chỉ","148.300","150.320","x1000đ/lượng","2025-11-20T22:23:53.122052600"
"14","https://giavang.org/trong-nuoc/sjc/","SJC","Miền Tây","Vàng SJC 0.5 chỉ, 1 chỉ, 2 chỉ","148.300","150.330","x1000đ/lượng","2025-11-20T22:23:53.122052600"
"14","https://giavang.org/trong-nuoc/sjc/","SJC","Miền Tây","Vàng nhẫn SJC 99,99% 1 chỉ, 2 chỉ, 5 chỉ","145.900","148.400","x1000đ/lượng","2025-11-20T22:23:53.122052600"
"14","https://giavang.org/trong-nuoc/sjc/","SJC","Miền Tây","Vàng nhẫn SJC 99,99% 0.5 chỉ, 0.3 chỉ","145.900","148.500","x1000đ/lượng","2025-11-20T22:23:53.122052600"
"14","https://giavang.org/trong-nuoc/sjc/","SJC","Miền Tây","Nữ trang 99,99%","144.400","147.400","x1000đ/lượng","2025-11-20T22:23:53.122052600"
"14","https://giavang.org/trong-nuoc/sjc/","SJC","Miền Tây","Nữ trang 99%","141.441","145.941","x1000đ/lượng","2025-11-20T22:23:53.122052600"
"14","https://giavang.org/trong-nuoc/sjc/","SJC","Miền Tây","Nữ trang 75%","103.211","110.711","x1000đ/lượng","2025-11-20T22:23:53.122052600"
"14","https://giavang.org/trong-nuoc/sjc/","SJC","Miền Tây","Nữ trang 68%","92.892","100.392","x1000đ/lượng","2025-11-20T22:23:53.122052600"
"14","https://giavang.org/trong-nuoc/sjc/","SJC","Miền Tây","Nữ trang 61%","82.573","90.073","x1000đ/lượng","2025-11-20T22:23:53.122052600"
"14","https://giavang.org/trong-nuoc/sjc/","SJC","Miền Tây","Nữ trang 58,3%","78.593","86.093","x1000đ/lượng","2025-11-20T22:23:53.122052600"
"14","https://giavang.org/trong-nuoc/sjc/","SJC","Miền Tây","Nữ trang 41,7%","54.122","61.622","x1000đ/lượng","2025-11-20T22:23:53.122052600"
"14","https://giavang.org/trong-nuoc/sjc/","SJC","Miền Tây","Vàng SJC 1L, 10L, 1KG","148.300","150.300","x1000đ/lượng","2025-11-20T22:23:53.122052600"
"14","https://giavang.org/trong-nuoc/sjc/","SJC","Miền Tây","Vàng SJC 1L, 10L, 1KG","148.300","150.300","x1000đ/lượng","2025-11-20T22:23:53.122052600"
"14","https://giavang.org/trong-nuoc/sjc/","SJC","Miền Tây","Vàng SJC 1L, 10L, 1KG","148.300","150.300","x1000đ/lượng","2025-11-20T22:23:53.122052600"
"14","https://giavang.org/trong-nuoc/sjc/","SJC","Miền Tây","Vàng SJC 1L, 10L, 1KG","148.300","150.300","x1000đ/lượng","2025-11-20T22:23:53.122052600"
"14","https://giavang.org/trong-nuoc/sjc/","SJC","Miền Tây","Vàng SJC 1L, 10L, 1KG","148.300","150.300","x1000đ/lượng","2025-11-20T22:23:53.122052600"
"14","https://giavang.org/trong-nuoc/sjc/","SJC","Miền Tây","Vàng SJC 1L, 10L, 1KG","148.300","150.300","x1000đ/lượng","2025-11-20T22:23:53.122052600"
"14","https://giavang.org/trong-nuoc/sjc/","SJC","Miền Tây","Vàng SJC 1L, 10L, 1KG","148.300","150.300","x1000đ/lượng","2025-11-20T22:23:53.122052600"
"14","https://giavang.org/trong-nuoc/sjc/","SJC","Miền Tây","Vàng SJC 1L, 10L, 1KG","148.300","150.300","x1000đ/lượng","2025-11-20T22:23:53.122052600"
"14","https://giavang.org/trong-nuoc/sjc/","SJC","Miền Tây","Vàng SJC 1L, 10L, 1KG","148.300","150.300","x1000đ/lượng","2025-11-20T22:23:53.122052600"
"14","https://giavang.org/trong-nuoc/sjc/","SJC","Miền Tây","Vàng SJC 1L, 10L, 1KG","148.300","150.300","x1000đ/lượng","2025-11-20T22:23:53.122052600"
"14","https://giavang.org/trong-nuoc/sjc/","SJC","Miền Tây","Vàng SJC 1L, 10L, 1KG","148.300","150.300","x1000đ/lượng","2025-11-20T22:23:53.122052600"
"16","https://giavang.org/trong-nuoc/sjc/","SJC","Bạc Liêu","Vàng SJC 1L, 10L, 1KG","148.300","150.300","x1000đ/lượng","2025-11-20T22:23:56.953073400"
"16","https://giavang.org/trong-nuoc/sjc/","SJC","Bạc Liêu","Vàng SJC 5 chỉ","148.300","150.320","x1000đ/lượng","2025-11-20T22:23:56.953073400"
"16","https://giavang.org/trong-nuoc/sjc/","SJC","Bạc Liêu","Vàng SJC 0.5 chỉ, 1 chỉ, 2 chỉ","148.300","150.330","x1000đ/lượng","2025-11-20T22:23:56.953073400"
"16","https://giavang.org/trong-nuoc/sjc/","SJC","Bạc Liêu","Vàng nhẫn SJC 99,99% 1 chỉ, 2 chỉ, 5 chỉ","145.900","148.400","x1000đ/lượng","2025-11-20T22:23:56.953073400"
"16","https://giavang.org/trong-nuoc/sjc/","SJC","Bạc Liêu","Vàng nhẫn SJC 99,99% 0.5 chỉ, 0.3 chỉ","145.900","148.500","x1000đ/lượng","2025-11-20T22:23:56.953073400"
"16","https://giavang.org/trong-nuoc/sjc/","SJC","Bạc Liêu","Nữ trang 99,99%","144.400","147.400","x1000đ/lượng","2025-11-20T22:23:56.953073400"
"16","https://giavang.org/trong-nuoc/sjc/","SJC","Bạc Liêu","Nữ trang 99%","141.441","145.941","x1000đ/lượng","2025-11-20T22:23:56.953073400"
"16","https://giavang.org/trong-nuoc/sjc/","SJC","Bạc Liêu","Nữ trang 75%","103.211","110.711","x1000đ/lượng","2025-11-20T22:23:56.953073400"
"16","https://giavang.org/trong-nuoc/sjc/","SJC","Bạc Liêu","Nữ trang 68%","92.892","100.392","x1000đ/lượng","2025-11-20T22:23:56.953073400"
"16","https://giavang.org/trong-nuoc/sjc/","SJC","Bạc Liêu","Nữ trang 61%","82.573","90.073","x1000đ/lượng","2025-11-20T22:23:56.953073400"
"16","https://giavang.org/trong-nuoc/sjc/","SJC","Bạc Liêu","Nữ trang 58,3%","78.593","86.093","x1000đ/lượng","2025-11-20T22:23:56.953073400"
"16","https://giavang.org/trong-nuoc/sjc/","SJC","Bạc Liêu","Nữ trang 41,7%","54.122","61.622","x1000đ/lượng","2025-11-20T22:23:56.953073400"
"16","https://giavang.org/trong-nuoc/sjc/","SJC","Bạc Liêu","Vàng SJC 1L, 10L, 1KG","148.300","150.300","x1000đ/lượng","2025-11-20T22:23:56.953073400"
"16","https://giavang.org/trong-nuoc/sjc/","SJC","Bạc Liêu","Vàng SJC 1L, 10L, 1KG","148.300","150.300","x1000đ/lượng","2025-11-20T22:23:56.953073400"
"16","https://giavang.org/trong-nuoc/sjc/","SJC","Bạc Liêu","Vàng SJC 1L, 10L, 1KG","148.300","150.300","x1000đ/lượng","2025-11-20T22:23:56.953073400"
"16","https://giavang.org/trong-nuoc/sjc/","SJC","Bạc Liêu","Vàng SJC 1L, 10L, 1KG","148.300","150.300","x1000đ/lượng","2025-11-20T22:23:56.953073400"
"16","https://giavang.org/trong-nuoc/sjc/","SJC","Bạc Liêu","Vàng SJC 1L, 10L, 1KG","148.300","150.300","x1000đ/lượng","2025-11-20T22:23:56.953073400"
"16","https://giavang.org/trong-nuoc/sjc/","SJC","Bạc Liêu","Vàng SJC 1L, 10L, 1KG","148.300","150.300","x1000đ/lượng","2025-11-20T22:23:56.953073400"
"16","https://giavang.org/trong-nuoc/sjc/","SJC","Bạc Liêu","Vàng SJC 1L, 10L, 1KG","148.300","150.300","x1000đ/lượng","2025-11-20T22:23:56.953073400"
"16","https://giavang.org/trong-nuoc/sjc/","SJC","Bạc Liêu","Vàng SJC 1L, 10L, 1KG","148.300","150.300","x1000đ/lượng","2025-11-20T22:23:56.953073400"
"16","https://giavang.org/trong-nuoc/sjc/","SJC","Bạc Liêu","Vàng SJC 1L, 10L, 1KG","148.300","150.300","x1000đ/lượng","2025-11-20T22:23:56.953073400"
"16","https://giavang.org/trong-nuoc/sjc/","SJC","Bạc Liêu","Vàng SJC 1L, 10L, 1KG","148.300","150.300","x1000đ/lượng","2025-11-20T22:23:56.953073400"
"16","https://giavang.org/trong-nuoc/sjc/","SJC","Bạc Liêu","Vàng SJC 1L, 10L, 1KG","148.300","150.300","x1000đ/lượng","2025-11-20T22:23:56.953073400"
"17","https://giavang.org/trong-nuoc/sjc/","SJC","Cà Mau","Vàng SJC 1L, 10L, 1KG","148.300","150.300","x1000đ/lượng","2025-11-20T22:23:58.558541500"
"17","https://giavang.org/trong-nuoc/sjc/","SJC","Cà Mau","Vàng SJC 5 chỉ","148.300","150.320","x1000đ/lượng","2025-11-20T22:23:58.558541500"
"17","https://giavang.org/trong-nuoc/sjc/","SJC","Cà Mau","Vàng SJC 0.5 chỉ, 1 chỉ, 2 chỉ","148.300","150.330","x1000đ/lượng","2025-11-20T22:23:58.558541500"
"17","https://giavang.org/trong-nuoc/sjc/","SJC","Cà Mau","Vàng nhẫn SJC 99,99% 1 chỉ, 2 chỉ, 5 chỉ","145.900","148.400","x1000đ/lượng","2025-11-20T22:23:58.558541500"
"17","https://giavang.org/trong-nuoc/sjc/","SJC","Cà Mau","Vàng nhẫn SJC 99,99% 0.5 chỉ, 0.3 chỉ","145.900","148.500","x1000đ/lượng","2025-11-20T22:23:58.558541500"
"17","https://giavang.org/trong-nuoc/sjc/","SJC","Cà Mau","Nữ trang 99,99%","144.400","147.400","x1000đ/lượng","2025-11-20T22:23:58.558541500"
"17","https://giavang.org/trong-nuoc/sjc/","SJC","Cà Mau","Nữ trang 99%","141.441","145.941","x1000đ/lượng","2025-11-20T22:23:58.558541500"
"17","https://giavang.org/trong-nuoc/sjc/","SJC","Cà Mau","Nữ trang 75%","103.211","110.711","x1000đ/lượng","2025-11-20T22:23:58.558541500"
"17","https://giavang.org/trong-nuoc/sjc/","SJC","Cà Mau","Nữ trang 68%","92.892","100.392","x1000đ/lượng","2025-11-20T22:23:58.558541500"
"17","https://giavang.org/trong-nuoc/sjc/","SJC","Cà Mau","Nữ trang 61%","82.573","90.073","x1000đ/lượng","2025-11-20T22:23:58.558541500"
"17","https://giavang.org/trong-nuoc/sjc/","SJC","Cà Mau","Nữ trang 58,3%","78.593","86.093","x1000đ/lượng","2025-11-20T22:23:58.558541500"
"17","https://giavang.org/trong-nuoc/sjc/","SJC","Cà Mau","Nữ trang 41,7%","54.122","61.622","x1000đ/lượng","2025-11-20T22:23:58.558541500"
"17","https://giavang.org/trong-nuoc/sjc/","SJC","Cà Mau","Vàng SJC 1L, 10L, 1KG","148.300","150.300","x1000đ/lượng","2025-11-20T22:23:58.558541500"
"17","https://giavang.org/trong-nuoc/sjc/","SJC","Cà Mau","Vàng SJC 1L, 10L, 1KG","148.300","150.300","x1000đ/lượng","2025-11-20T22:23:58.558541500"
"17","https://giavang.org/trong-nuoc/sjc/","SJC","Cà Mau","Vàng SJC 1L, 10L, 1KG","148.300","150.300","x1000đ/lượng","2025-11-20T22:23:58.558541500"
"17","https://giavang.org/trong-nuoc/sjc/","SJC","Cà Mau","Vàng SJC 1L, 10L, 1KG","148.300","150.300","x1000đ/lượng","2025-11-20T22:23:58.558541500"
"17","https://giavang.org/trong-nuoc/sjc/","SJC","Cà Mau","Vàng SJC 1L, 10L, 1KG","148.300","150.300","x1000đ/lượng","2025-11-20T22:23:58.558541500"
"17","https://giavang.org/trong-nuoc/sjc/","SJC","Cà Mau","Vàng SJC 1L, 10L, 1KG","148.300","150.300","x1000đ/lượng","2025-11-20T22:23:58.558541500"
"17","https://giavang.org/trong-nuoc/sjc/","SJC","Cà Mau","Vàng SJC 1L, 10L, 1KG","148.300","150.300","x1000đ/lượng","2025-11-20T22:23:58.558541500"
"17","https://giavang.org/trong-nuoc/sjc/","SJC","Cà Mau","Vàng SJC 1L, 10L, 1KG","148.300","150.300","x1000đ/lượng","2025-11-20T22:23:58.558541500"
"17","https://giavang.org/trong-nuoc/sjc/","SJC","Cà Mau","Vàng SJC 1L, 10L, 1KG","148.300","150.300","x1000đ/lượng","2025-11-20T22:23:58.558541500"
"17","https://giavang.org/trong-nuoc/sjc/","SJC","Cà Mau","Vàng SJC 1L, 10L, 1KG","148.300","150.300","x1000đ/lượng","2025-11-20T22:23:58.558541500"
"17","https://giavang.org/trong-nuoc/sjc/","SJC","Cà Mau","Vàng SJC 1L, 10L, 1KG","148.300","150.300","x1000đ/lượng","2025-11-20T22:23:58.558541500"
"18","https://giavang.org/trong-nuoc/pnj/","PNJ","Hà Nội","PNJ","146.200","149.200","x1000đ/lượng","2025-11-20T22:24:00.360816800"
"18","https://giavang.org/trong-nuoc/pnj/","PNJ","Hà Nội","SJC","148.300","150.300","x1000đ/lượng","2025-11-20T22:24:00.360816800"
"18","https://giavang.org/trong-nuoc/pnj/","PNJ","Hà Nội","PNJ","146.200","149.200","x1000đ/lượng","2025-11-20T22:24:00.360816800"
"18","https://giavang.org/trong-nuoc/pnj/","PNJ","Hà Nội","SJC","148.300","150.300","x1000đ/lượng","2025-11-20T22:24:00.360816800"
"18","https://giavang.org/trong-nuoc/pnj/","PNJ","Hà Nội","PNJ","146.200","149.200","x1000đ/lượng","2025-11-20T22:24:00.360816800"
"18","https://giavang.org/trong-nuoc/pnj/","PNJ","Hà Nội","SJC","148.300","150.300","x1000đ/lượng","2025-11-20T22:24:00.360816800"
"18","https://giavang.org/trong-nuoc/pnj/","PNJ","Hà Nội","PNJ","146.200","149.200","x1000đ/lượng","2025-11-20T22:24:00.360816800"
"18","https://giavang.org/trong-nuoc/pnj/","PNJ","Hà Nội","SJC","148.300","150.300","x1000đ/lượng","2025-11-20T22:24:00.360816800"
"18","https://giavang.org/trong-nuoc/pnj/","PNJ","Hà Nội","PNJ","146.200","149.200","x1000đ/lượng","2025-11-20T22:24:00.360816800"
"18","https://giavang.org/trong-nuoc/pnj/","PNJ","Hà Nội","SJC","148.300","150.300","x1000đ/lượng","2025-11-20T22:24:00.360816800"
"18","https://giavang.org/trong-nuoc/pnj/","PNJ","Hà Nội","PNJ","146.200","149.200","x1000đ/lượng","2025-11-20T22:24:00.360816800"
"18","https://giavang.org/trong-nuoc/pnj/","PNJ","Hà Nội","SJC","148.300","150.300","x1000đ/lượng","2025-11-20T22:24:00.360816800"
"18","https://giavang.org/trong-nuoc/pnj/","PNJ","Hà Nội","Nhẫn Trơn PNJ 999.9","146.200","149.200","x1000đ/lượng","2025-11-20T22:24:00.360816800"
"18","https://giavang.org/trong-nuoc/pnj/","PNJ","Hà Nội","Vàng Kim Bảo 999.9","146.200","149.200","x1000đ/lượng","2025-11-20T22:24:00.360816800"
"18","https://giavang.org/trong-nuoc/pnj/","PNJ","Hà Nội","Vàng Phúc Lộc Tài 999.9","146.200","149.200","x1000đ/lượng","2025-11-20T22:24:00.360816800"
"18","https://giavang.org/trong-nuoc/pnj/","PNJ","Hà Nội","Vàng nữ trang 999.9","142.500","148.700","x1000đ/lượng","2025-11-20T22:24:00.360816800"
"18","https://giavang.org/trong-nuoc/pnj/","PNJ","Hà Nội","Vàng nữ trang 999","142.350","148.550","x1000đ/lượng","2025-11-20T22:24:00.360816800"
"18","https://giavang.org/trong-nuoc/pnj/","PNJ","Hà Nội","Vàng nữ trang 9920","141.310","147.510","x1000đ/lượng","2025-11-20T22:24:00.360816800"
"18","https://giavang.org/trong-nuoc/pnj/","PNJ","Hà Nội","Vàng nữ trang 99","141.010","147.210","x1000đ/lượng","2025-11-20T22:24:00.360816800"
"18","https://giavang.org/trong-nuoc/pnj/","PNJ","Hà Nội","Vàng 916 (22K)","130.010","136.210","x1000đ/lượng","2025-11-20T22:24:00.360816800"
"18","https://giavang.org/trong-nuoc/pnj/","PNJ","Hà Nội","Vàng 750 (18K)","102.230","111.530","x1000đ/lượng","2025-11-20T22:24:00.360816800"
"18","https://giavang.org/trong-nuoc/pnj/","PNJ","Hà Nội","Vàng 680 (16.3K)","91.820","101.120","x1000đ/lượng","2025-11-20T22:24:00.360816800"
"18","https://giavang.org/trong-nuoc/pnj/","PNJ","Hà Nội","Vàng 650 (15.6K)","87.360","96.660","x1000đ/lượng","2025-11-20T22:24:00.360816800"
"18","https://giavang.org/trong-nuoc/pnj/","PNJ","Hà Nội","Vàng 610 (14.6K)","81.410","90.710","x1000đ/lượng","2025-11-20T22:24:00.360816800"
"18","https://giavang.org/trong-nuoc/pnj/","PNJ","Hà Nội","Vàng 585 (14K)","77.690","86.990","x1000đ/lượng","2025-11-20T22:24:00.360816800"
"18","https://giavang.org/trong-nuoc/pnj/","PNJ","Hà Nội","Vàng 416 (10K)","52.560","61.860","x1000đ/lượng","2025-11-20T22:24:00.360816800"
"18","https://giavang.org/trong-nuoc/pnj/","PNJ","Hà Nội","Vàng 375 (9K)","46.460","55.760","x1000đ/lượng","2025-11-20T22:24:00.360816800"
"18","https://giavang.org/trong-nuoc/pnj/","PNJ","Hà Nội","Vàng 333 (8K)","40.220","49.520","x1000đ/lượng","2025-11-20T22:24:00.360816800"
"19","https://giavang.org/trong-nuoc/doji/","DOJI","Hà Nội","SJC Lẻ","148.300","150.300","x1000đ/lượng","2025-11-20T22:24:02.264938400"
"19","https://giavang.org/trong-nuoc/doji/","DOJI","Hà Nội","AVPL","148.300","150.300","x1000đ/lượng","2025-11-20T22:24:02.264938400"
"19","https://giavang.org/trong-nuoc/doji/","DOJI","Hà Nội","Nhẫn tròn 999 Hưng Thịnh Vượng","146.200","149.200","x1000đ/lượng","2025-11-20T22:24:02.264938400"
"19","https://giavang.org/trong-nuoc/doji/","DOJI","Hà Nội","Nữ trang 99.99","145.200","148.700","x1000đ/lượng","2025-11-20T22:24:02.264938400"
"19","https://giavang.org/trong-nuoc/doji/","DOJI","Hà Nội","Nữ trang 99.9","145.000","148.500","x1000đ/lượng","2025-11-20T22:24:02.264938400"
"19","https://giavang.org/trong-nuoc/doji/","DOJI","Hà Nội","Nữ trang 99","144.300","148.250","x1000đ/lượng","2025-11-20T22:24:02.264938400"
"19","https://giavang.org/trong-nuoc/doji/","DOJI","Hà Nội","SJC Lẻ","148.300","150.300","x1000đ/lượng","2025-11-20T22:24:02.264938400"
"19","https://giavang.org/trong-nuoc/doji/","DOJI","Hà Nội","AVPL","148.300","150.300","x1000đ/lượng","2025-11-20T22:24:02.264938400"
"19","https://giavang.org/trong-nuoc/doji/","DOJI","Hà Nội","Nhẫn tròn 999 Hưng Thịnh Vượng","146.200","149.200","x1000đ/lượng","2025-11-20T22:24:02.264938400"
"19","https://giavang.org/trong-nuoc/doji/","DOJI","Hà Nội","Nữ trang 99.99","145.200","148.700","x1000đ/lượng","2025-11-20T22:24:02.264938400"
"19","https://giavang.org/trong-nuoc/doji/","DOJI","Hà Nội","Nữ trang 99.9","145.000","148.500","x1000đ/lượng","2025-11-20T22:24:02.264938400"
"19","https://giavang.org/trong-nuoc/doji/","DOJI","Hà Nội","Nữ trang 99","144.300","148.250","x1000đ/lượng","2025-11-20T22:24:02.264938400"
"19","https://giavang.org/trong-nuoc/doji/","DOJI","Hà Nội","SJC Lẻ","148.300","150.300","x1000đ/lượng","2025-11-20T22:24:02.264938400"
"19","https://giavang.org/trong-nuoc/doji/","DOJI","Hà Nội","AVPL","148.300","150.300","x1000đ/lượng","2025-11-20T22:24:02.264938400"
"19","https://giavang.org/trong-nuoc/doji/","DOJI","Hà Nội","Nhẫn tròn 999 Hưng Thịnh Vượng","146.200","149.200","x1000đ/lượng","2025-11-20T22:24:02.264938400"
"19","https://giavang.org/trong-nuoc/doji/","DOJI","Hà Nội","Nữ trang 99.99","145.200","148.700","x1000đ/lượng","2025-11-20T22:24:02.264938400"
"19","https://giavang.org/trong-nuoc/doji/","DOJI","Hà Nội","Nữ trang 99.9","145.000","148.500","x1000đ/lượng","2025-11-20T22:24:02.264938400"
"19","https://giavang.org/trong-nuoc/doji/","DOJI","Hà Nội","Nữ trang 99","144.300","148.250","x1000đ/lượng","2025-11-20T22:24:02.264938400"
"20","https://giavang.org/trong-nuoc/bao-tin-minh-chau/","Bảo Tín Minh Châu","Hà Nội","Vàng miếng 999.9 (24k)","147.800","150.800","x1000đ/lượng","2025-11-20T22:24:04.186722600"
"20","https://giavang.org/trong-nuoc/bao-tin-minh-chau/","Bảo Tín Minh Châu","Hà Nội","Nhẫn tròn trơn 999.9 (24k)","147.800","150.800","x1000đ/lượng","2025-11-20T22:24:04.186722600"
"20","https://giavang.org/trong-nuoc/bao-tin-minh-chau/","Bảo Tín Minh Châu","Hà Nội","Quà mừng bản vị vàng 999.9 (24k)","147.800","150.800","x1000đ/lượng","2025-11-20T22:24:04.186722600"
"20","https://giavang.org/trong-nuoc/bao-tin-minh-chau/","Bảo Tín Minh Châu","Hà Nội","Vàng miếng 999.9 (24k)","148.800","150.300","x1000đ/lượng","2025-11-20T22:24:04.186722600"
"20","https://giavang.org/trong-nuoc/bao-tin-minh-chau/","Bảo Tín Minh Châu","Hà Nội","Trang sức bằng Vàng Rồng Thăng Long 999.9 (24k)","146.100","149.400","x1000đ/lượng","2025-11-20T22:24:04.186722600"
"20","https://giavang.org/trong-nuoc/bao-tin-minh-chau/","Bảo Tín Minh Châu","Hà Nội","Trang sức bằng Vàng Rồng Thăng Long 99.9 (24k)","146.000","149.300","x1000đ/lượng","2025-11-20T22:24:04.186722600"
"20","https://giavang.org/trong-nuoc/bao-tin-minh-chau/","Bảo Tín Minh Châu","Hà Nội","Vàng 999.9 (24k)","140.000","-","x1000đ/lượng","2025-11-20T22:24:04.186722600"
"22","https://giavang.org/trong-nuoc/phu-quy/","Phú Quý","Hà Nội","Vàng miếng SJC","147.300","150.300","x1000đ/lượng","2025-11-20T22:24:08.226887400"
"22","https://giavang.org/trong-nuoc/phu-quy/","Phú Quý","Hà Nội","Nhẫn tròn Phú Quý (24K 999.9)","147.000","150.000","x1000đ/lượng","2025-11-20T22:24:08.226887400"
"22","https://giavang.org/trong-nuoc/phu-quy/","Phú Quý","Hà Nội","Phú Quý 1 Lượng 999.9","147.000","150.000","x1000đ/lượng","2025-11-20T22:24:08.226887400"
"22","https://giavang.org/trong-nuoc/phu-quy/","Phú Quý","Hà Nội","Phú Quý 1 Lượng 99.9","146.900","149.900","x1000đ/lượng","2025-11-20T22:24:08.226887400"
"22","https://giavang.org/trong-nuoc/phu-quy/","Phú Quý","Hà Nội","","146.500","149.500","x1000đ/lượng","2025-11-20T22:24:08.226887400"
"22","https://giavang.org/trong-nuoc/phu-quy/","Phú Quý","Hà Nội","Vàng trang sức 999","146.400","149.400","x1000đ/lượng","2025-11-20T22:24:08.226887400"
"22","https://giavang.org/trong-nuoc/phu-quy/","Phú Quý","Hà Nội","Vàng trang sức 99","145.035","148.005","x1000đ/lượng","2025-11-20T22:24:08.226887400"
"22","https://giavang.org/trong-nuoc/phu-quy/","Phú Quý","Hà Nội","Vàng trang sức 98","143.570","146.510","x1000đ/lượng","2025-11-20T22:24:08.226887400"
"22","https://giavang.org/trong-nuoc/phu-quy/","Phú Quý","Hà Nội","Vàng 999.9 phi SJC","141.500","-","x1000đ/lượng","2025-11-20T22:24:08.226887400"
"22","https://giavang.org/trong-nuoc/phu-quy/","Phú Quý","Hà Nội","Vàng 999.0 phi SJC","141.400","-","x1000đ/lượng","2025-11-20T22:24:08.226887400"
"22","https://giavang.org/trong-nuoc/phu-quy/","Phú Quý","Hà Nội","","1.946","2.006","x1000đ/lượng","2025-11-20T22:24:08.226887400"
"22","https://giavang.org/trong-nuoc/phu-quy/","Phú Quý","Hà Nội","Đồng bạc mỹ nghệ 99.9","1.946","2.289","x1000đ/lượng","2025-11-20T22:24:08.226887400"
"23","https://giavang.org/trong-nuoc/pnj/","PNJ","Đà Nẵng","PNJ","146.200","149.200","x1000đ/lượng","2025-11-20T22:24:10.654880300"
"23","https://giavang.org/trong-nuoc/pnj/","PNJ","Đà Nẵng","SJC","148.300","150.300","x1000đ/lượng","2025-11-20T22:24:10.654880300"
"23","https://giavang.org/trong-nuoc/pnj/","PNJ","Đà Nẵng","PNJ","146.200","149.200","x1000đ/lượng","2025-11-20T22:24:10.654880300"
"23","https://giavang.org/trong-nuoc/pnj/","PNJ","Đà Nẵng","SJC","148.300","150.300","x1000đ/lượng","2025-11-20T22:24:10.654880300"
"23","https://giavang.org/trong-nuoc/pnj/","PNJ","Đà Nẵng","PNJ","146.200","149.200","x1000đ/lượng","2025-11-20T22:24:10.654880300"
"23","https://giavang.org/trong-nuoc/pnj/","PNJ","Đà Nẵng","SJC","148.300","150.300","x1000đ/lượng","2025-11-20T22:24:10.654880300"
"23","https://giavang.org/trong-nuoc/pnj/","PNJ","Đà Nẵng","PNJ","146.200","149.200","x1000đ/lượng","2025-11-20T22:24:10.654880300"
"23","https://giavang.org/trong-nuoc/pnj/","PNJ","Đà Nẵng","SJC","148.300","150.300","x1000đ/lượng","2025-11-20T22:24:10.654880300"
"23","https://giavang.org/trong-nuoc/pnj/","PNJ","Đà Nẵng","PNJ","146.200","149.200","x1000đ/lượng","2025-11-20T22:24:10.654880300"
"23","https://giavang.org/trong-nuoc/pnj/","PNJ","Đà Nẵng","SJC","148.300","150.300","x1000đ/lượng","2025-11-20T22:24:10.654880300"
"23","https://giavang.org/trong-nuoc/pnj/","PNJ","Đà Nẵng","PNJ","146.200","149.200","x1000đ/lượng","2025-11-20T22:24:10.654880300"
"23","https://giavang.org/trong-nuoc/pnj/","PNJ","Đà Nẵng","SJC","148.300","150.300","x1000đ/lượng","2025-11-20T22:24:10.654880300"
"23","https://giavang.org/trong-nuoc/pnj/","PNJ","Đà Nẵng","Nhẫn Trơn PNJ 999.9","146.200","149.200","x1000đ/lượng","2025-11-20T22:24:10.654880300"
"23","https://giavang.org/trong-nuoc/pnj/","PNJ","Đà Nẵng","Vàng Kim Bảo 999.9","146.200","149.200","x1000đ/lượng","2025-11-20T22:24:10.654880300"
"23","https://giavang.org/trong-nuoc/pnj/","PNJ","Đà Nẵng","Vàng Phúc Lộc Tài 999.9","146.200","149.200","x1000đ/lượng","2025-11-20T22:24:10.654880300"
"23","https://giavang.org/trong-nuoc/pnj/","PNJ","Đà Nẵng","Vàng nữ trang 999.9","142.500","148.700","x1000đ/lượng","2025-11-20T22:24:10.654880300"
"23","https://giavang.org/trong-nuoc/pnj/","PNJ","Đà Nẵng","Vàng nữ trang 999","142.350","148.550","x1000đ/lượng","2025-11-20T22:24:10.654880300"
"23","https://giavang.org/trong-nuoc/pnj/","PNJ","Đà Nẵng","Vàng nữ trang 9920","141.310","147.510","x1000đ/lượng","2025-11-20T22:24:10.654880300"
"23","https://giavang.org/trong-nuoc/pnj/","PNJ","Đà Nẵng","Vàng nữ trang 99","141.010","147.210","x1000đ/lượng","2025-11-20T22:24:10.654880300"
"23","https://giavang.org/trong-nuoc/pnj/","PNJ","Đà Nẵng","Vàng 916 (22K)","130.010","136.210","x1000đ/lượng","2025-11-20T22:24:10.654880300"
"23","https://giavang.org/trong-nuoc/pnj/","PNJ","Đà Nẵng","Vàng 750 (18K)","102.230","111.530","x1000đ/lượng","2025-11-20T22:24:10.654880300"
"23","https://giavang.org/trong-nuoc/pnj/","PNJ","Đà Nẵng","Vàng 680 (16.3K)","91.820","101.120","x1000đ/lượng","2025-11-20T22:24:10.654880300"
"23","https://giavang.org/trong-nuoc/pnj/","PNJ","Đà Nẵng","Vàng 650 (15.6K)","87.360","96.660","x1000đ/lượng","2025-11-20T22:24:10.654880300"
"23","https://giavang.org/trong-nuoc/pnj/","PNJ","Đà Nẵng","Vàng 610 (14.6K)","81.410","90.710","x1000đ/lượng","2025-11-20T22:24:10.654880300"
"23","https://giavang.org/trong-nuoc/pnj/","PNJ","Đà Nẵng","Vàng 585 (14K)","77.690","86.990","x1000đ/lượng","2025-11-20T22:24:10.654880300"
"23","https://giavang.org/trong-nuoc/pnj/","PNJ","Đà Nẵng","Vàng 416 (10K)","52.560","61.860","x1000đ/lượng","2025-11-20T22:24:10.654880300"
"23","https://giavang.org/trong-nuoc/pnj/","PNJ","Đà Nẵng","Vàng 375 (9K)","46.460","55.760","x1000đ/lượng","2025-11-20T22:24:10.654880300"
"23","https://giavang.org/trong-nuoc/pnj/","PNJ","Đà Nẵng","Vàng 333 (8K)","40.220","49.520","x1000đ/lượng","2025-11-20T22:24:10.654880300"
"24","https://giavang.org/trong-nuoc/doji/","DOJI","Đà Nẵng","SJC Lẻ","148.300","150.300","x1000đ/lượng","2025-11-20T22:24:12.250330500"
"24","https://giavang.org/trong-nuoc/doji/","DOJI","Đà Nẵng","AVPL","148.300","150.300","x1000đ/lượng","2025-11-20T22:24:12.250330500"
"24","https://giavang.org/trong-nuoc/doji/","DOJI","Đà Nẵng","Nhẫn tròn 999 Hưng Thịnh Vượng","146.200","149.200","x1000đ/lượng","2025-11-20T22:24:12.250330500"
"24","https://giavang.org/trong-nuoc/doji/","DOJI","Đà Nẵng","Nữ trang 99.99","145.200","148.700","x1000đ/lượng","2025-11-20T22:24:12.250330500"
"24","https://giavang.org/trong-nuoc/doji/","DOJI","Đà Nẵng","Nữ trang 99.9","145.000","148.500","x1000đ/lượng","2025-11-20T22:24:12.250330500"
"24","https://giavang.org/trong-nuoc/doji/","DOJI","Đà Nẵng","Nữ trang 99","144.300","148.250","x1000đ/lượng","2025-11-20T22:24:12.250330500"
"24","https://giavang.org/trong-nuoc/doji/","DOJI","Đà Nẵng","SJC Lẻ","148.300","150.300","x1000đ/lượng","2025-11-20T22:24:12.250330500"
"24","https://giavang.org/trong-nuoc/doji/","DOJI","Đà Nẵng","AVPL","148.300","150.300","x1000đ/lượng","2025-11-20T22:24:12.250330500"
"24","https://giavang.org/trong-nuoc/doji/","DOJI","Đà Nẵng","Nhẫn tròn 999 Hưng Thịnh Vượng","146.200","149.200","x1000đ/lượng","2025-11-20T22:24:12.250330500"
"24","https://giavang.org/trong-nuoc/doji/","DOJI","Đà Nẵng","Nữ trang 99.99","145.200","148.700","x1000đ/lượng","2025-11-20T22:24:12.250330500"
"24","https://giavang.org/trong-nuoc/doji/","DOJI","Đà Nẵng","Nữ trang 99.9","145.000","148.500","x1000đ/lượng","2025-11-20T22:24:12.250330500"
"24","https://giavang.org/trong-nuoc/doji/","DOJI","Đà Nẵng","Nữ trang 99","144.300","148.250","x1000đ/lượng","2025-11-20T22:24:12.250330500"
"24","https://giavang.org/trong-nuoc/doji/","DOJI","Đà Nẵng","SJC Lẻ","148.300","150.300","x1000đ/lượng","2025-11-20T22:24:12.250330500"
"24","https://giavang.org/trong-nuoc/doji/","DOJI","Đà Nẵng","AVPL","148.300","150.300","x1000đ/lượng","2025-11-20T22:24:12.250330500"
"24","https://giavang.org/trong-nuoc/doji/","DOJI","Đà Nẵng","Nhẫn tròn 999 Hưng Thịnh Vượng","146.200","149.200","x1000đ/lượng","2025-11-20T22:24:12.250330500"
"24","https://giavang.org/trong-nuoc/doji/","DOJI","Đà Nẵng","Nữ trang 99.99","145.200","148.700","x1000đ/lượng","2025-11-20T22:24:12.250330500"
"24","https://giavang.org/trong-nuoc/doji/","DOJI","Đà Nẵng","Nữ trang 99.9","145.000","148.500","x1000đ/lượng","2025-11-20T22:24:12.250330500"
"24","https://giavang.org/trong-nuoc/doji/","DOJI","Đà Nẵng","Nữ trang 99","144.300","148.250","x1000đ/lượng","2025-11-20T22:24:12.250330500"
"25","https://giavang.org/trong-nuoc/pnj/","PNJ","Miền Tây","PNJ","146.200","149.200","x1000đ/lượng","2025-11-20T22:24:13.923166200"
"25","https://giavang.org/trong-nuoc/pnj/","PNJ","Miền Tây","SJC","148.300","150.300","x1000đ/lượng","2025-11-20T22:24:13.923166200"
"25","https://giavang.org/trong-nuoc/pnj/","PNJ","Miền Tây","PNJ","146.200","149.200","x1000đ/lượng","2025-11-20T22:24:13.923166200"
"25","https://giavang.org/trong-nuoc/pnj/","PNJ","Miền Tây","SJC","148.300","150.300","x1000đ/lượng","2025-11-20T22:24:13.923166200"
"25","https://giavang.org/trong-nuoc/pnj/","PNJ","Miền Tây","PNJ","146.200","149.200","x1000đ/lượng","2025-11-20T22:24:13.923166200"
"25","https://giavang.org/trong-nuoc/pnj/","PNJ","Miền Tây","SJC","148.300","150.300","x1000đ/lượng","2025-11-20T22:24:13.923166200"
"25","https://giavang.org/trong-nuoc/pnj/","PNJ","Miền Tây","PNJ","146.200","149.200","x1000đ/lượng","2025-11-20T22:24:13.923166200"
"25","https://giavang.org/trong-nuoc/pnj/","PNJ","Miền Tây","SJC","148.300","150.300","x1000đ/lượng","2025-11-20T22:24:13.923166200"
"25","https://giavang.org/trong-nuoc/pnj/","PNJ","Miền Tây","PNJ","146.200","149.200","x1000đ/lượng","2025-11-20T22:24:13.923166200"
"25","https://giavang.org/trong-nuoc/pnj/","PNJ","Miền Tây","SJC","148.300","150.300","x1000đ/lượng","2025-11-20T22:24:13.923166200"
"25","https://giavang.org/trong-nuoc/pnj/","PNJ","Miền Tây","PNJ","146.200","149.200","x1000đ/lượng","2025-11-20T22:24:13.923166200"
"25","https://giavang.org/trong-nuoc/pnj/","PNJ","Miền Tây","SJC","148.300","150.300","x1000đ/lượng","2025-11-20T22:24:13.923166200"
"25","https://giavang.org/trong-nuoc/pnj/","PNJ","Miền Tây","Nhẫn Trơn PNJ 999.9","146.200","149.200","x1000đ/lượng","2025-11-20T22:24:13.923166200"
"25","https://giavang.org/trong-nuoc/pnj/","PNJ","Miền Tây","Vàng Kim Bảo 999.9","146.200","149.200","x1000đ/lượng","2025-11-20T22:24:13.923166200"
"25","https://giavang.org/trong-nuoc/pnj/","PNJ","Miền Tây","Vàng Phúc Lộc Tài 999.9","146.200","149.200","x1000đ/lượng","2025-11-20T22:24:13.923166200"
"25","https://giavang.org/trong-nuoc/pnj/","PNJ","Miền Tây","Vàng nữ trang 999.9","142.500","148.700","x1000đ/lượng","2025-11-20T22:24:13.923166200"
"25","https://giavang.org/trong-nuoc/pnj/","PNJ","Miền Tây","Vàng nữ trang 999","142.350","148.550","x1000đ/lượng","2025-11-20T22:24:13.923166200"
"25","https://giavang.org/trong-nuoc/pnj/","PNJ","Miền Tây","Vàng nữ trang 9920","141.310","147.510","x1000đ/lượng","2025-11-20T22:24:13.923166200"
"25","https://giavang.org/trong-nuoc/pnj/","PNJ","Miền Tây","Vàng nữ trang 99","141.010","147.210","x1000đ/lượng","2025-11-20T22:24:13.923166200"
"25","https://giavang.org/trong-nuoc/pnj/","PNJ","Miền Tây","Vàng 916 (22K)","130.010","136.210","x1000đ/lượng","2025-11-20T22:24:13.923166200"
"25","https://giavang.org/trong-nuoc/pnj/","PNJ","Miền Tây","Vàng 750 (18K)","102.230","111.530","x1000đ/lượng","2025-11-20T22:24:13.923166200"
"25","https://giavang.org/trong-nuoc/pnj/","PNJ","Miền Tây","Vàng 680 (16.3K)","91.820","101.120","x1000đ/lượng","2025-11-20T22:24:13.923166200"
"25","https://giavang.org/trong-nuoc/pnj/","PNJ","Miền Tây","Vàng 650 (15.6K)","87.360","96.660","x1000đ/lượng","2025-11-20T22:24:13.923166200"
"25","https://giavang.org/trong-nuoc/pnj/","PNJ","Miền Tây","Vàng 610 (14.6K)","81.410","90.710","x1000đ/lượng","2025-11-20T22:24:13.923166200"
"25","https://giavang.org/trong-nuoc/pnj/","PNJ","Miền Tây","Vàng 585 (14K)","77.690","86.990","x1000đ/lượng","2025-11-20T22:24:13.923166200"
"25","https://giavang.org/trong-nuoc/pnj/","PNJ","Miền Tây","Vàng 416 (10K)","52.560","61.860","x1000đ/lượng","2025-11-20T22:24:13.923166200"
"25","https://giavang.org/trong-nuoc/pnj/","PNJ","Miền Tây","Vàng 375 (9K)","46.460","55.760","x1000đ/lượng","2025-11-20T22:24:13.923166200"
"25","https://giavang.org/trong-nuoc/pnj/","PNJ","Miền Tây","Vàng 333 (8K)","40.220","49.520","x1000đ/lượng","2025-11-20T22:24:13.923166200"
"26","https://giavang.org/trong-nuoc/pnj/","PNJ","Tây Nguyên","PNJ","146.200","149.200","x1000đ/lượng","2025-11-20T22:24:15.978034100"
"26","https://giavang.org/trong-nuoc/pnj/","PNJ","Tây Nguyên","SJC","148.300","150.300","x1000đ/lượng","2025-11-20T22:24:15.978034100"
"26","https://giavang.org/trong-nuoc/pnj/","PNJ","Tây Nguyên","PNJ","146.200","149.200","x1000đ/lượng","2025-11-20T22:24:15.978034100"
"26","https://giavang.org/trong-nuoc/pnj/","PNJ","Tây Nguyên","SJC","148.300","150.300","x1000đ/lượng","2025-11-20T22:24:15.978034100"
"26","https://giavang.org/trong-nuoc/pnj/","PNJ","Tây Nguyên","PNJ","146.200","149.200","x1000đ/lượng","2025-11-20T22:24:15.978034100"
"26","https://giavang.org/trong-nuoc/pnj/","PNJ","Tây Nguyên","SJC","148.300","150.300","x1000đ/lượng","2025-11-20T22:24:15.978034100"
"26","https://giavang.org/trong-nuoc/pnj/","PNJ","Tây Nguyên","PNJ","146.200","149.200","x1000đ/lượng","2025-11-20T22:24:15.978034100"
"26","https://giavang.org/trong-nuoc/pnj/","PNJ","Tây Nguyên","SJC","148.300","150.300","x1000đ/lượng","2025-11-20T22:24:15.978034100"
"26","https://giavang.org/trong-nuoc/pnj/","PNJ","Tây Nguyên","PNJ","146.200","149.200","x1000đ/lượng","2025-11-20T22:24:15.978034100"
"26","https://giavang.org/trong-nuoc/pnj/","PNJ","Tây Nguyên","SJC","148.300","150.300","x1000đ/lượng","2025-11-20T22:24:15.978034100"
"26","https://giavang.org/trong-nuoc/pnj/","PNJ","Tây Nguyên","PNJ","146.200","149.200","x1000đ/lượng","2025-11-20T22:24:15.978034100"
"26","https://giavang.org/trong-nuoc/pnj/","PNJ","Tây Nguyên","SJC","148.300","150.300","x1000đ/lượng","2025-11-20T22:24:15.978034100"
"26","https://giavang.org/trong-nuoc/pnj/","PNJ","Tây Nguyên","Nhẫn Trơn PNJ 999.9","146.200","149.200","x1000đ/lượng","2025-11-20T22:24:15.978034100"
"26","https://giavang.org/trong-nuoc/pnj/","PNJ","Tây Nguyên","Vàng Kim Bảo 999.9","146.200","149.200","x1000đ/lượng","2025-11-20T22:24:15.978034100"
"26","https://giavang.org/trong-nuoc/pnj/","PNJ","Tây Nguyên","Vàng Phúc Lộc Tài 999.9","146.200","149.200","x1000đ/lượng","2025-11-20T22:24:15.978034100"
"26","https://giavang.org/trong-nuoc/pnj/","PNJ","Tây Nguyên","Vàng nữ trang 999.9","142.500","148.700","x1000đ/lượng","2025-11-20T22:24:15.978034100"
"26","https://giavang.org/trong-nuoc/pnj/","PNJ","Tây Nguyên","Vàng nữ trang 999","142.350","148.550","x1000đ/lượng","2025-11-20T22:24:15.978034100"
"26","https://giavang.org/trong-nuoc/pnj/","PNJ","Tây Nguyên","Vàng nữ trang 9920","141.310","147.510","x1000đ/lượng","2025-11-20T22:24:15.978034100"
"26","https://giavang.org/trong-nuoc/pnj/","PNJ","Tây Nguyên","Vàng nữ trang 99","141.010","147.210","x1000đ/lượng","2025-11-20T22:24:15.978034100"
"26","https://giavang.org/trong-nuoc/pnj/","PNJ","Tây Nguyên","Vàng 916 (22K)","130.010","136.210","x1000đ/lượng","2025-11-20T22:24:15.978034100"
"26","https://giavang.org/trong-nuoc/pnj/","PNJ","Tây Nguyên","Vàng 750 (18K)","102.230","111.530","x1000đ/lượng","2025-11-20T22:24:15.978034100"
"26","https://giavang.org/trong-nuoc/pnj/","PNJ","Tây Nguyên","Vàng 680 (16.3K)","91.820","101.120","x1000đ/lượng","2025-11-20T22:24:15.978034100"
"26","https://giavang.org/trong-nuoc/pnj/","PNJ","Tây Nguyên","Vàng 650 (15.6K)","87.360","96.660","x1000đ/lượng","2025-11-20T22:24:15.978034100"
"26","https://giavang.org/trong-nuoc/pnj/","PNJ","Tây Nguyên","Vàng 610 (14.6K)","81.410","90.710","x1000đ/lượng","2025-11-20T22:24:15.978034100"
"26","https://giavang.org/trong-nuoc/pnj/","PNJ","Tây Nguyên","Vàng 585 (14K)","77.690","86.990","x1000đ/lượng","2025-11-20T22:24:15.978034100"
"26","https://giavang.org/trong-nuoc/pnj/","PNJ","Tây Nguyên","Vàng 416 (10K)","52.560","61.860","x1000đ/lượng","2025-11-20T22:24:15.978034100"
"26","https://giavang.org/trong-nuoc/pnj/","PNJ","Tây Nguyên","Vàng 375 (9K)","46.460","55.760","x1000đ/lượng","2025-11-20T22:24:15.978034100"
"26","https://giavang.org/trong-nuoc/pnj/","PNJ","Tây Nguyên","Vàng 333 (8K)","40.220","49.520","x1000đ/lượng","2025-11-20T22:24:15.978034100"
"27","https://giavang.org/trong-nuoc/pnj/","PNJ","Đông Nam Bộ","PNJ","146.200","149.200","x1000đ/lượng","2025-11-20T22:24:18.457262800"
"27","https://giavang.org/trong-nuoc/pnj/","PNJ","Đông Nam Bộ","SJC","148.300","150.300","x1000đ/lượng","2025-11-20T22:24:18.457262800"
"27","https://giavang.org/trong-nuoc/pnj/","PNJ","Đông Nam Bộ","PNJ","146.200","149.200","x1000đ/lượng","2025-11-20T22:24:18.457262800"
"27","https://giavang.org/trong-nuoc/pnj/","PNJ","Đông Nam Bộ","SJC","148.300","150.300","x1000đ/lượng","2025-11-20T22:24:18.457262800"
"27","https://giavang.org/trong-nuoc/pnj/","PNJ","Đông Nam Bộ","PNJ","146.200","149.200","x1000đ/lượng","2025-11-20T22:24:18.457262800"
"27","https://giavang.org/trong-nuoc/pnj/","PNJ","Đông Nam Bộ","SJC","148.300","150.300","x1000đ/lượng","2025-11-20T22:24:18.457262800"
"27","https://giavang.org/trong-nuoc/pnj/","PNJ","Đông Nam Bộ","PNJ","146.200","149.200","x1000đ/lượng","2025-11-20T22:24:18.457262800"
"27","https://giavang.org/trong-nuoc/pnj/","PNJ","Đông Nam Bộ","SJC","148.300","150.300","x1000đ/lượng","2025-11-20T22:24:18.457262800"
"27","https://giavang.org/trong-nuoc/pnj/","PNJ","Đông Nam Bộ","PNJ","146.200","149.200","x1000đ/lượng","2025-11-20T22:24:18.457262800"
"27","https://giavang.org/trong-nuoc/pnj/","PNJ","Đông Nam Bộ","SJC","148.300","150.300","x1000đ/lượng","2025-11-20T22:24:18.457262800"
"27","https://giavang.org/trong-nuoc/pnj/","PNJ","Đông Nam Bộ","PNJ","146.200","149.200","x1000đ/lượng","2025-11-20T22:24:18.457262800"
"27","https://giavang.org/trong-nuoc/pnj/","PNJ","Đông Nam Bộ","SJC","148.300","150.300","x1000đ/lượng","2025-11-20T22:24:18.457262800"
"27","https://giavang.org/trong-nuoc/pnj/","PNJ","Đông Nam Bộ","Nhẫn Trơn PNJ 999.9","146.200","149.200","x1000đ/lượng","2025-11-20T22:24:18.457262800"
"27","https://giavang.org/trong-nuoc/pnj/","PNJ","Đông Nam Bộ","Vàng Kim Bảo 999.9","146.200","149.200","x1000đ/lượng","2025-11-20T22:24:18.457262800"
"27","https://giavang.org/trong-nuoc/pnj/","PNJ","Đông Nam Bộ","Vàng Phúc Lộc Tài 999.9","146.200","149.200","x1000đ/lượng","2025-11-20T22:24:18.457262800"
"27","https://giavang.org/trong-nuoc/pnj/","PNJ","Đông Nam Bộ","Vàng nữ trang 999.9","142.500","148.700","x1000đ/lượng","2025-11-20T22:24:18.457262800"
"27","https://giavang.org/trong-nuoc/pnj/","PNJ","Đông Nam Bộ","Vàng nữ trang 999","142.350","148.550","x1000đ/lượng","2025-11-20T22:24:18.457262800"
"27","https://giavang.org/trong-nuoc/pnj/","PNJ","Đông Nam Bộ","Vàng nữ trang 9920","141.310","147.510","x1000đ/lượng","2025-11-20T22:24:18.457262800"
"27","https://giavang.org/trong-nuoc/pnj/","PNJ","Đông Nam Bộ","Vàng nữ trang 99","141.010","147.210","x1000đ/lượng","2025-11-20T22:24:18.457262800"
"27","https://giavang.org/trong-nuoc/pnj/","PNJ","Đông Nam Bộ","Vàng 916 (22K)","130.010","136.210","x1000đ/lượng","2025-11-20T22:24:18.457262800"
"27","https://giavang.org/trong-nuoc/pnj/","PNJ","Đông Nam Bộ","Vàng 750 (18K)","102.230","111.530","x1000đ/lượng","2025-11-20T22:24:18.457262800"
"27","https://giavang.org/trong-nuoc/pnj/","PNJ","Đông Nam Bộ","Vàng 680 (16.3K)","91.820","101.120","x1000đ/lượng","2025-11-20T22:24:18.457262800"
"27","https://giavang.org/trong-nuoc/pnj/","PNJ","Đông Nam Bộ","Vàng 650 (15.6K)","87.360","96.660","x1000đ/lượng","2025-11-20T22:24:18.457262800"
"27","https://giavang.org/trong-nuoc/pnj/","PNJ","Đông Nam Bộ","Vàng 610 (14.6K)","81.410","90.710","x1000đ/lượng","2025-11-20T22:24:18.457262800"
"27","https://giavang.org/trong-nuoc/pnj/","PNJ","Đông Nam Bộ","Vàng 585 (14K)","77.690","86.990","x1000đ/lượng","2025-11-20T22:24:18.457262800"
"27","https://giavang.org/trong-nuoc/pnj/","PNJ","Đông Nam Bộ","Vàng 416 (10K)","52.560","61.860","x1000đ/lượng","2025-11-20T22:24:18.457262800"
"27","https://giavang.org/trong-nuoc/pnj/","PNJ","Đông Nam Bộ","Vàng 375 (9K)","46.460","55.760","x1000đ/lượng","2025-11-20T22:24:18.457262800"
"27","https://giavang.org/trong-nuoc/pnj/","PNJ","Đông Nam Bộ","Vàng 333 (8K)","40.220","49.520","x1000đ/lượng","2025-11-20T22:24:18.457262800"
